"Código Dane departamento","Departamento","Código Dane municipio","Municipio","Grupo cultivo","Subgrupo","Cultivo","Desagregación cultivo","Año","Periodo","Área sembrada","Área cosechada","Producción","Rendimiento","Ciclo del cultivo","Estado físico del cultivo","Código del cultivo","Nombre científico del cultivo"
"25","Cundinamarca","25183","Chocontá","Frutales","Demás frutales","Agraz - mortiño","Agraz - mortiño","2019","2019","10,00","8,00","104,00","13,00","Permanente","En fresco","2040100","Vaccinium meridionale"
"25","Cundinamarca","25183","Chocontá","Frutales","Demás frutales","Agraz - mortiño","Agraz - mortiño","2020","2020","19,00","10,00","130,00","13,00","Permanente","En fresco","2040100","Vaccinium meridionale"
"25","Cundinamarca","25183","Chocontá","Frutales","Demás frutales","Agraz - mortiño","Agraz - mortiño","2021","2021","21,00","17,00","204,00","12,00","Permanente","En fresco","2040100","Vaccinium meridionale"
"25","Cundinamarca","25183","Chocontá","Frutales","Demás frutales","Agraz - mortiño","Agraz - mortiño","2022","2022","25,00","20,00","30,00","1,50","Permanente","En fresco","2040100","Vaccinium meridionale"
"25","Cundinamarca","25183","Chocontá","Frutales","Demás frutales","Arándano","Arándano","2023","2023","18,00","0,00","0,00","0,00","Permanente","En fresco","2040400","Vaccinium corymbosum"
"25","Cundinamarca","25183","Chocontá","Frutales","Demás frutales","Arándano","Arándano","2024","2024","20,00","18,00","72,00","4,00","Permanente","En fresco","2040400","Vaccinium corymbosum"
"25","Cundinamarca","25183","Chocontá","Leguminosas","Leguminosas","Arveja","Arveja","2019","2019A","225,00","220,00","719,63","3,27","Transitorio","Grano","1060100","Pisum sativum"
"25","Cundinamarca","25183","Chocontá","Leguminosas","Leguminosas","Arveja","Arveja","2019","2019B","181,00","172,00","562,62","3,27","Transitorio","Grano","1060100","Pisum sativum"
"25","Cundinamarca","25183","Chocontá","Leguminosas","Leguminosas","Arveja","Arveja","2020","2020A","225,00","220,00","719,63","3,27","Transitorio","Grano","1060100","Pisum sativum"
"25","Cundinamarca","25183","Chocontá","Leguminosas","Leguminosas","Arveja","Arveja","2020","2020B","181,00","172,00","562,62","3,27","Transitorio","Grano","1060100","Pisum sativum"
"25","Cundinamarca","25183","Chocontá","Leguminosas","Leguminosas","Arveja","Arveja","2021","2021A","220,00","208,00","641,50","3,08","Transitorio","Grano","1060100","Pisum sativum"
"25","Cundinamarca","25183","Chocontá","Leguminosas","Leguminosas","Arveja","Arveja","2021","2021B","200,00","200,00","654,21","3,27","Transitorio","Grano","1060100","Pisum sativum"
"25","Cundinamarca","25183","Chocontá","Leguminosas","Leguminosas","Arveja","Arveja","2022","2022A","160,00","150,00","414,00","2,76","Transitorio","Grano","1060100","Pisum sativum"
"25","Cundinamarca","25183","Chocontá","Leguminosas","Leguminosas","Arveja","Arveja","2022","2022B","10,00","10,00","27,00","2,70","Transitorio","Grano","1060100","Pisum sativum"
"25","Cundinamarca","25183","Chocontá","Leguminosas","Leguminosas","Arveja","Arveja","2023","2023A","180,00","180,00","462,62","2,57","Transitorio","Grano","1060100","Pisum sativum"
"25","Cundinamarca","25183","Chocontá","Leguminosas","Leguminosas","Arveja","Arveja","2023","2023B","9,00","9,00","10,51","1,17","Transitorio","Grano","1060100","Pisum sativum"
"25","Cundinamarca","25183","Chocontá","Leguminosas","Leguminosas","Arveja","Arveja","2024","2024A","100,00","0,00","0,00","0,00","Transitorio","Grano","1060100","Pisum sativum"
"25","Cundinamarca","25183","Chocontá","Leguminosas","Leguminosas","Arveja","Arveja","2024","2024B","10,00","110,00","128,50","1,17","Transitorio","Grano","1060100","Pisum sativum"
"25","Cundinamarca","25183","Chocontá","Cereales","Cereales","Avena","Avena","2019","2019A","550,00","550,00","2.475,00","4,50","Transitorio","En fresco","1010200","Avena sativa"
"25","Cundinamarca","25183","Chocontá","Cereales","Cereales","Avena","Avena","2019","2019B","535,00","528,00","2.217,60","4,20","Transitorio","En fresco","1010200","Avena sativa"
"25","Cundinamarca","25183","Chocontá","Cereales","Cereales","Avena","Avena","2020","2020A","550,00","550,00","1.650,00","3,00","Transitorio","En fresco","1010200","Avena sativa"
"25","Cundinamarca","25183","Chocontá","Cereales","Cereales","Avena","Avena","2020","2020B","535,00","528,00","1.584,00","3,00","Transitorio","En fresco","1010200","Avena sativa"
"25","Cundinamarca","25183","Chocontá","Cereales","Cereales","Avena","Avena","2021","2021A","420,00","400,00","1.200,00","3,00","Transitorio","En fresco","1010200","Avena sativa"
"25","Cundinamarca","25183","Chocontá","Cereales","Cereales","Avena","Avena","2021","2021B","400,00","400,00","1.200,00","3,00","Transitorio","En fresco","1010200","Avena sativa"
"25","Cundinamarca","25183","Chocontá","Cereales","Cereales","Avena","Avena","2022","2022A","360,00","330,00","792,00","2,40","Transitorio","En fresco","1010200","Avena sativa"
"25","Cundinamarca","25183","Chocontá","Cereales","Cereales","Avena","Avena","2022","2022B","100,00","100,00","240,00","2,40","Transitorio","En fresco","1010200","Avena sativa"
"25","Cundinamarca","25183","Chocontá","Hortalizas","Hortalizas de raíz","Cebolla de bulbo","Cebolla de bulbo","2022","2022B","4,00","4,00","160,00","40,00","Transitorio","En fresco","1051100","Allium cepa"
"25","Cundinamarca","25183","Chocontá","Hortalizas","Hortalizas de raíz","Cebolla de bulbo","Cebolla de bulbo","2023","2023B","5,00","5,00","200,00","40,00","Transitorio","En fresco","1051100","Allium cepa"
"25","Cundinamarca","25183","Chocontá","Hortalizas","Hortalizas de raíz","Cebolla de bulbo","Cebolla de bulbo","2024","2024B","5,00","5,00","200,00","40,00","Transitorio","En fresco","1051100","Allium cepa"
"25","Cundinamarca","25183","Chocontá","Frutales","Demás frutales","Fresa","Fresa","2019","2019","169,50","133,50","7.721,00","57,84","Permanente","En fresco","2042700","Fragaria vesca"
"25","Cundinamarca","25183","Chocontá","Frutales","Demás frutales","Fresa","Fresa","2020","2020","179,50","143,50","8.265,60","57,60","Permanente","En fresco","2042700","Fragaria vesca"
"25","Cundinamarca","25183","Chocontá","Frutales","Demás frutales","Fresa","Fresa","2021","2021","192,50","129,50","8.029,00","62,00","Permanente","En fresco","2042700","Fragaria vesca"
"25","Cundinamarca","25183","Chocontá","Frutales","Demás frutales","Fresa","Fresa","2022","2022","189,50","129,50","4.662,00","36,00","Permanente","En fresco","2042700","Fragaria vesca"
"25","Cundinamarca","25183","Chocontá","Frutales","Demás frutales","Fresa","Fresa","2023","2023","149,50","99,50","2.288,50","23,00","Permanente","En fresco","2042700","Fragaria vesca"
"25","Cundinamarca","25183","Chocontá","Frutales","Demás frutales","Fresa","Fresa","2024","2024","120,00","120,00","2.400,00","20,00","Permanente","En fresco","2042700","Fragaria vesca"
"25","Cundinamarca","25183","Chocontá","Leguminosas","Leguminosas","Haba","Haba","2019","2019A","81,00","76,00","218,58","2,88","Transitorio","Grano seco","1060500","Vicia faba"
"25","Cundinamarca","25183","Chocontá","Leguminosas","Leguminosas","Haba","Haba","2019","2019B","18,00","16,00","42,48","2,66","Transitorio","Grano seco","1060500","Vicia faba"
"25","Cundinamarca","25183","Chocontá","Leguminosas","Leguminosas","Haba","Haba","2020","2020A","69,00","60,00","146,02","2,43","Transitorio","Grano seco","1060500","Vicia faba"
"25","Cundinamarca","25183","Chocontá","Leguminosas","Leguminosas","Haba","Haba","2020","2020B","18,00","16,00","42,48","2,66","Transitorio","Grano seco","1060500","Vicia faba"
"25","Cundinamarca","25183","Chocontá","Leguminosas","Leguminosas","Haba","Haba","2021","2021A","63,00","58,00","120,62","2,08","Transitorio","Grano seco","1060500","Vicia faba"
"25","Cundinamarca","25183","Chocontá","Leguminosas","Leguminosas","Haba","Haba","2021","2021B","18,00","18,00","39,82","2,21","Transitorio","Grano seco","1060500","Vicia faba"
"25","Cundinamarca","25183","Chocontá","Leguminosas","Leguminosas","Haba","Haba","2022","2022A","50,00","13,00","45,50","3,50","Transitorio","Grano seco","1060500","Vicia faba"
"25","Cundinamarca","25183","Chocontá","Leguminosas","Leguminosas","Haba","Haba","2022","2022B","10,00","50,00","175,00","3,50","Transitorio","Grano seco","1060500","Vicia faba"
"25","Cundinamarca","25183","Chocontá","Leguminosas","Leguminosas","Haba","Haba","2023","2023A","55,00","10,00","24,34","2,43","Transitorio","Grano seco","1060500","Vicia faba"
"25","Cundinamarca","25183","Chocontá","Leguminosas","Leguminosas","Haba","Haba","2023","2023B","12,00","55,00","73,01","1,33","Transitorio","Grano seco","1060500","Vicia faba"
"25","Cundinamarca","25183","Chocontá","Leguminosas","Leguminosas","Haba","Haba","2024","2024A","55,00","12,00","29,20","2,43","Transitorio","Grano seco","1060500","Vicia faba"
"25","Cundinamarca","25183","Chocontá","Leguminosas","Leguminosas","Haba","Haba","2024","2024B","15,00","15,00","19,91","1,33","Transitorio","Grano seco","1060500","Vicia faba"
"25","Cundinamarca","25183","Chocontá","Raíces y tubérculos","Raíces y tubérculos","Papa","Papa criolla","2019","2019A","150,00","143,00","1.859,00","13,00","Transitorio","En fresco","1080702","Solanum phureja"
"25","Cundinamarca","25183","Chocontá","Raíces y tubérculos","Raíces y tubérculos","Papa","Papa criolla","2019","2019B","154,00","147,00","2.352,00","16,00","Transitorio","En fresco","1080702","Solanum phureja"
"25","Cundinamarca","25183","Chocontá","Raíces y tubérculos","Raíces y tubérculos","Papa","Papa criolla","2020","2020A","150,00","143,00","1.859,00","13,00","Transitorio","En fresco","1080702","Solanum phureja"
"25","Cundinamarca","25183","Chocontá","Raíces y tubérculos","Raíces y tubérculos","Papa","Papa criolla","2020","2020B","154,00","147,00","2.352,00","16,00","Transitorio","En fresco","1080702","Solanum phureja"
"25","Cundinamarca","25183","Chocontá","Raíces y tubérculos","Raíces y tubérculos","Papa","Papa criolla","2021","2021A","120,00","118,00","1.416,00","12,00","Transitorio","En fresco","1080702","Solanum phureja"
"25","Cundinamarca","25183","Chocontá","Raíces y tubérculos","Raíces y tubérculos","Papa","Papa criolla","2021","2021B","19,00","19,00","342,00","18,00","Transitorio","En fresco","1080702","Solanum phureja"
"25","Cundinamarca","25183","Chocontá","Raíces y tubérculos","Raíces y tubérculos","Papa","Papa criolla","2022","2022A","60,00","58,00","1.102,00","19,00","Transitorio","En fresco","1080702","Solanum phureja"
"25","Cundinamarca","25183","Chocontá","Raíces y tubérculos","Raíces y tubérculos","Papa","Papa criolla","2022","2022B","10,00","10,00","190,00","19,00","Transitorio","En fresco","1080702","Solanum phureja"
"25","Cundinamarca","25183","Chocontá","Raíces y tubérculos","Raíces y tubérculos","Papa","Papa criolla","2023","2023A","50,00","50,00","950,00","19,00","Transitorio","En fresco","1080702","Solanum phureja"
"25","Cundinamarca","25183","Chocontá","Raíces y tubérculos","Raíces y tubérculos","Papa","Papa criolla","2023","2023B","12,00","12,00","180,00","15,00","Transitorio","En fresco","1080702","Solanum phureja"
"25","Cundinamarca","25183","Chocontá","Raíces y tubérculos","Raíces y tubérculos","Papa","Papa criolla","2024","2024A","50,00","0,00","0,00","0,00","Transitorio","En fresco","1080702","Solanum phureja"
"25","Cundinamarca","25183","Chocontá","Raíces y tubérculos","Raíces y tubérculos","Papa","Papa criolla","2024","2024B","10,00","60,00","900,00","15,00","Transitorio","En fresco","1080702","Solanum phureja"
"25","Cundinamarca","25183","Chocontá","Raíces y tubérculos","Raíces y tubérculos","Papa","Papa todas las variedades","2019","2019A","2.149,00","2.019,00","60.570,00","30,00","Transitorio","En fresco","1080701","Solanum tuberosum"
"25","Cundinamarca","25183","Chocontá","Raíces y tubérculos","Raíces y tubérculos","Papa","Papa todas las variedades","2019","2019B","2.642,00","2.560,00","76.800,00","30,00","Transitorio","En fresco","1080701","Solanum tuberosum"
"25","Cundinamarca","25183","Chocontá","Raíces y tubérculos","Raíces y tubérculos","Papa","Papa todas las variedades","2020","2020A","1.505,00","1.500,00","42.000,00","28,00","Transitorio","En fresco","1080701","Solanum tuberosum"
"25","Cundinamarca","25183","Chocontá","Raíces y tubérculos","Raíces y tubérculos","Papa","Papa todas las variedades","2020","2020B","681,00","681,00","19.068,00","28,00","Transitorio","En fresco","1080701","Solanum tuberosum"
"25","Cundinamarca","25183","Chocontá","Raíces y tubérculos","Raíces y tubérculos","Papa","Papa todas las variedades","2021","2021A","1.540,00","1.527,00","42.603,30","27,90","Transitorio","En fresco","1080701","Solanum tuberosum"
"25","Cundinamarca","25183","Chocontá","Raíces y tubérculos","Raíces y tubérculos","Papa","Papa todas las variedades","2021","2021B","681,00","681,00","25.197,00","37,00","Transitorio","En fresco","1080701","Solanum tuberosum"
"25","Cundinamarca","25183","Chocontá","Raíces y tubérculos","Raíces y tubérculos","Papa","Papa todas las variedades","2022","2022A","1.170,00","980,00","29.400,00","30,00","Transitorio","En fresco","1080701","Solanum tuberosum"
"25","Cundinamarca","25183","Chocontá","Raíces y tubérculos","Raíces y tubérculos","Papa","Papa todas las variedades","2022","2022B","500,00","500,00","15.000,00","30,00","Transitorio","En fresco","1080701","Solanum tuberosum"
"25","Cundinamarca","25183","Chocontá","Raíces y tubérculos","Raíces y tubérculos","Papa","Papa todas las variedades","2023","2023A","1.200,00","700,00","21.000,00","30,00","Transitorio","En fresco","1080701","Solanum tuberosum"
"25","Cundinamarca","25183","Chocontá","Raíces y tubérculos","Raíces y tubérculos","Papa","Papa todas las variedades","2023","2023B","550,00","500,00","12.500,00","25,00","Transitorio","En fresco","1080701","Solanum tuberosum"
"25","Cundinamarca","25183","Chocontá","Raíces y tubérculos","Raíces y tubérculos","Papa","Papa todas las variedades","2024","2024A","1.000,00","500,00","15.000,00","30,00","Transitorio","En fresco","1080701","Solanum tuberosum"
"25","Cundinamarca","25183","Chocontá","Raíces y tubérculos","Raíces y tubérculos","Papa","Papa todas las variedades","2024","2024B","500,00","500,00","12.500,00","25,00","Transitorio","En fresco","1080701","Solanum tuberosum"
"25","Cundinamarca","25183","Chocontá","Hortalizas","Hortalizas de raíz","Zanahoria","Zanahoria","2019","2019A","30,00","24,00","600,00","25,00","Transitorio","En fresco","1053000","Daucus carota"
"25","Cundinamarca","25183","Chocontá","Hortalizas","Hortalizas de raíz","Zanahoria","Zanahoria","2019","2019B","10,00","9,00","252,00","28,00","Transitorio","En fresco","1053000","Daucus carota"
"25","Cundinamarca","25183","Chocontá","Hortalizas","Hortalizas de raíz","Zanahoria","Zanahoria","2020","2020A","35,00","32,00","800,00","25,00","Transitorio","En fresco","1053000","Daucus carota"
"25","Cundinamarca","25183","Chocontá","Hortalizas","Hortalizas de raíz","Zanahoria","Zanahoria","2020","2020B","10,00","9,00","252,00","28,00","Transitorio","En fresco","1053000","Daucus carota"
"25","Cundinamarca","25183","Chocontá","Hortalizas","Hortalizas de raíz","Zanahoria","Zanahoria","2021","2021A","33,00","33,00","808,50","24,50","Transitorio","En fresco","1053000","Daucus carota"
"25","Cundinamarca","25183","Chocontá","Hortalizas","Hortalizas de raíz","Zanahoria","Zanahoria","2021","2021B","15,00","15,00","390,00","26,00","Transitorio","En fresco","1053000","Daucus carota"
"25","Cundinamarca","25183","Chocontá","Hortalizas","Hortalizas de raíz","Zanahoria","Zanahoria","2022","2022A","32,00","26,00","717,60","27,60","Transitorio","En fresco","1053000","Daucus carota"
"25","Cundinamarca","25183","Chocontá","Hortalizas","Hortalizas de raíz","Zanahoria","Zanahoria","2022","2022B","15,00","12,00","331,20","27,60","Transitorio","En fresco","1053000","Daucus carota"
"25","Cundinamarca","25183","Chocontá","Hortalizas","Hortalizas de raíz","Zanahoria","Zanahoria","2023","2023A","30,00","30,00","780,00","26,00","Transitorio","En fresco","1053000","Daucus carota"
"25","Cundinamarca","25183","Chocontá","Hortalizas","Hortalizas de raíz","Zanahoria","Zanahoria","2023","2023B","18,00","18,00","540,00","30,00","Transitorio","En fresco","1053000","Daucus carota"
"25","Cundinamarca","25183","Chocontá","Hortalizas","Hortalizas de raíz","Zanahoria","Zanahoria","2024","2024A","20,00","0,00","0,00","0,00","Transitorio","En fresco","1053000","Daucus carota"
"25","Cundinamarca","25183","Chocontá","Hortalizas","Hortalizas de raíz","Zanahoria","Zanahoria","2024","2024B","15,00","25,00","750,00","30,00","Transitorio","En fresco","1053000","Daucus carota"
"25","Cundinamarca","25426","Machetá","Hortalizas","Hortalizas de fruto","Ahuyama","Ahuyama","2019","2019A","2,00","2,00","32,00","16,00","Transitorio","En fresco","1050200","Cucurbita maxima"
"25","Cundinamarca","25426","Machetá","Hortalizas","Hortalizas de fruto","Ahuyama","Ahuyama","2019","2019B","8,00","8,00","128,00","16,00","Transitorio","En fresco","1050200","Cucurbita maxima"
"25","Cundinamarca","25426","Machetá","Hortalizas","Hortalizas de fruto","Ahuyama","Ahuyama","2020","2020A","2,50","2,50","32,00","12,80","Transitorio","En fresco","1050200","Cucurbita maxima"
"25","Cundinamarca","25426","Machetá","Hortalizas","Hortalizas de fruto","Ahuyama","Ahuyama","2020","2020B","6,00","6,00","90,00","15,00","Transitorio","En fresco","1050200","Cucurbita maxima"
"25","Cundinamarca","25426","Machetá","Hortalizas","Hortalizas de fruto","Ahuyama","Ahuyama","2021","2021A","2,40","2,40","26,40","11,00","Transitorio","En fresco","1050200","Cucurbita maxima"
"25","Cundinamarca","25426","Machetá","Hortalizas","Hortalizas de fruto","Ahuyama","Ahuyama","2021","2021B","6,20","6,10","73,20","12,00","Transitorio","En fresco","1050200","Cucurbita maxima"
"25","Cundinamarca","25426","Machetá","Hortalizas","Hortalizas de fruto","Ahuyama","Ahuyama","2022","2022A","2,40","6,00","76,80","12,80","Transitorio","En fresco","1050200","Cucurbita maxima"
"25","Cundinamarca","25426","Machetá","Hortalizas","Hortalizas de fruto","Ahuyama","Ahuyama","2022","2022B","6,40","6,40","76,80","12,00","Transitorio","En fresco","1050200","Cucurbita maxima"
"25","Cundinamarca","25426","Machetá","Hortalizas","Hortalizas de fruto","Ahuyama","Ahuyama","2023","2023A","3,00","3,00","28,50","9,50","Transitorio","En fresco","1050200","Cucurbita maxima"
"25","Cundinamarca","25426","Machetá","Hortalizas","Hortalizas de fruto","Ahuyama","Ahuyama","2023","2023B","7,00","7,00","66,50","9,50","Transitorio","En fresco","1050200","Cucurbita maxima"
"25","Cundinamarca","25426","Machetá","Hortalizas","Hortalizas de fruto","Ahuyama","Ahuyama","2024","2024A","2,90","2,90","40,02","13,80","Transitorio","En fresco","1050200","Cucurbita maxima"
"25","Cundinamarca","25426","Machetá","Hortalizas","Hortalizas de fruto","Ahuyama","Ahuyama","2024","2024B","8,00","8,00","76,00","9,50","Transitorio","En fresco","1050200","Cucurbita maxima"
"25","Cundinamarca","25426","Machetá","Frutales","Demás frutales","Arándano","Arándano","2020","2020","1,00","0,00","0,00","0,00","Permanente","En fresco","2040400","Vaccinium corymbosum"
"25","Cundinamarca","25426","Machetá","Frutales","Demás frutales","Arándano","Arándano","2021","2021","1,18","0,98","6,86","7,00","Permanente","En fresco","2040400","Vaccinium corymbosum"
"25","Cundinamarca","25426","Machetá","Frutales","Demás frutales","Arándano","Arándano","2022","2022","1,18","1,18","8,26","7,00","Permanente","En fresco","2040400","Vaccinium corymbosum"
"25","Cundinamarca","25426","Machetá","Frutales","Demás frutales","Arándano","Arándano","2023","2023","2,18","1,18","11,80","10,00","Permanente","En fresco","2040400","Vaccinium corymbosum"
"25","Cundinamarca","25426","Machetá","Frutales","Demás frutales","Arándano","Arándano","2024","2024","2,18","2,18","21,80","10,00","Permanente","En fresco","2040400","Vaccinium corymbosum"
"25","Cundinamarca","25426","Machetá","Raíces y tubérculos","Raíces y tubérculos","Arracacha","Arracacha","2019","2019A","2,00","2,00","16,00","8,00","Transitorio","En fresco","1080200","Arracacia xanthorrhiza"
"25","Cundinamarca","25426","Machetá","Raíces y tubérculos","Raíces y tubérculos","Arracacha","Arracacha","2019","2019B","2,00","2,00","16,00","8,00","Transitorio","En fresco","1080200","Arracacia xanthorrhiza"
"25","Cundinamarca","25426","Machetá","Raíces y tubérculos","Raíces y tubérculos","Arracacha","Arracacha","2020","2020A","1,80","1,80","14,00","7,78","Transitorio","En fresco","1080200","Arracacia xanthorrhiza"
"25","Cundinamarca","25426","Machetá","Raíces y tubérculos","Raíces y tubérculos","Arracacha","Arracacha","2020","2020B","2,00","2,00","16,00","8,00","Transitorio","En fresco","1080200","Arracacia xanthorrhiza"
"25","Cundinamarca","25426","Machetá","Raíces y tubérculos","Raíces y tubérculos","Arracacha","Arracacha","2021","2021A","1,68","1,63","13,04","8,00","Transitorio","En fresco","1080200","Arracacia xanthorrhiza"
"25","Cundinamarca","25426","Machetá","Raíces y tubérculos","Raíces y tubérculos","Arracacha","Arracacha","2021","2021B","2,10","1,80","14,40","8,00","Transitorio","En fresco","1080200","Arracacia xanthorrhiza"
"25","Cundinamarca","25426","Machetá","Raíces y tubérculos","Raíces y tubérculos","Arracacha","Arracacha","2022","2022A","1,50","1,80","14,40","8,00","Transitorio","En fresco","1080200","Arracacia xanthorrhiza"
"25","Cundinamarca","25426","Machetá","Raíces y tubérculos","Raíces y tubérculos","Arracacha","Arracacha","2022","2022B","2,20","2,10","16,80","8,00","Transitorio","En fresco","1080200","Arracacia xanthorrhiza"
"25","Cundinamarca","25426","Machetá","Raíces y tubérculos","Raíces y tubérculos","Arracacha","Arracacha","2023","2023A","1,50","1,50","29,70","19,80","Transitorio","En fresco","1080200","Arracacia xanthorrhiza"
"25","Cundinamarca","25426","Machetá","Raíces y tubérculos","Raíces y tubérculos","Arracacha","Arracacha","2023","2023B","2,20","2,20","43,56","19,80","Transitorio","En fresco","1080200","Arracacia xanthorrhiza"
"25","Cundinamarca","25426","Machetá","Raíces y tubérculos","Raíces y tubérculos","Arracacha","Arracacha","2024","2024A","1,70","1,70","21,59","12,70","Transitorio","En fresco","1080200","Arracacia xanthorrhiza"
"25","Cundinamarca","25426","Machetá","Raíces y tubérculos","Raíces y tubérculos","Arracacha","Arracacha","2024","2024B","1,70","2,20","43,56","19,80","Transitorio","En fresco","1080200","Arracacia xanthorrhiza"
"25","Cundinamarca","25426","Machetá","Leguminosas","Leguminosas","Arveja","Arveja","2019","2019A","10,00","10,00","14,95","1,50","Transitorio","Grano","1060100","Pisum sativum"
"25","Cundinamarca","25426","Machetá","Leguminosas","Leguminosas","Arveja","Arveja","2019","2019B","10,00","10,00","14,95","1,50","Transitorio","Grano","1060100","Pisum sativum"
"25","Cundinamarca","25426","Machetá","Leguminosas","Leguminosas","Arveja","Arveja","2020","2020A","12,00","10,00","7,01","0,70","Transitorio","Grano","1060100","Pisum sativum"
"25","Cundinamarca","25426","Machetá","Leguminosas","Leguminosas","Arveja","Arveja","2020","2020B","6,00","6,00","4,21","0,70","Transitorio","Grano","1060100","Pisum sativum"
"25","Cundinamarca","25426","Machetá","Leguminosas","Leguminosas","Arveja","Arveja","2021","2021A","9,80","8,00","5,60","0,70","Transitorio","Grano","1060100","Pisum sativum"
"25","Cundinamarca","25426","Machetá","Leguminosas","Leguminosas","Arveja","Arveja","2021","2021B","6,40","5,90","4,13","0,70","Transitorio","Grano","1060100","Pisum sativum"
"25","Cundinamarca","25426","Machetá","Leguminosas","Leguminosas","Arveja","Arveja","2022","2022A","9,80","6,30","2,06","0,33","Transitorio","Grano","1060100","Pisum sativum"
"25","Cundinamarca","25426","Machetá","Leguminosas","Leguminosas","Arveja","Arveja","2022","2022B","6,00","9,60","3,14","0,33","Transitorio","Grano","1060100","Pisum sativum"
"25","Cundinamarca","25426","Machetá","Leguminosas","Leguminosas","Arveja","Arveja","2023","2023A","10,00","10,00","7,01","0,70","Transitorio","Grano","1060100","Pisum sativum"
"25","Cundinamarca","25426","Machetá","Leguminosas","Leguminosas","Arveja","Arveja","2023","2023B","5,00","11,00","7,71","0,70","Transitorio","Grano","1060100","Pisum sativum"
"25","Cundinamarca","25426","Machetá","Leguminosas","Leguminosas","Arveja","Arveja","2024","2024A","6,00","6,00","12,06","2,01","Transitorio","Grano","1060100","Pisum sativum"
"25","Cundinamarca","25426","Machetá","Leguminosas","Leguminosas","Arveja","Arveja","2024","2024B","6,00","5,60","3,93","0,70","Transitorio","Grano","1060100","Pisum sativum"
"25","Cundinamarca","25426","Machetá","Cultivos tropicales tradicionales","Cultivos tropicales tradicionales","Café","Café","2019","2019","118,00","114,00","125,00","1,10","Permanente","Pergamino o seco de trilla","2030300","Coffea arabica"
"25","Cundinamarca","25426","Machetá","Cultivos tropicales tradicionales","Cultivos tropicales tradicionales","Café","Café","2020","2020","120,00","118,00","59,50","0,50","Permanente","Pergamino o seco de trilla","2030300","Coffea arabica"
"25","Cundinamarca","25426","Machetá","Cultivos tropicales tradicionales","Cultivos tropicales tradicionales","Café","Café","2021","2021","115,87","109,87","80,21","0,73","Permanente","Pergamino o seco de trilla","2030300","Coffea arabica"
"25","Cundinamarca","25426","Machetá","Cultivos tropicales tradicionales","Cultivos tropicales tradicionales","Café","Café","2022","2022","119,08","108,49","61,24","0,56","Permanente","Pergamino o seco de trilla","2030300","Coffea arabica"
"25","Cundinamarca","25426","Machetá","Cultivos tropicales tradicionales","Cultivos tropicales tradicionales","Café","Café","2023","2023","122,98","110,56","102,39","0,93","Permanente","Pergamino o seco de trilla","2030300","Coffea arabica"
"25","Cundinamarca","25426","Machetá","Cultivos tropicales tradicionales","Cultivos tropicales tradicionales","Café","Café","2024","2024","117,65","107,95","124,26","1,15","Permanente","Pergamino o seco de trilla","2030300","Coffea arabica"
"25","Cundinamarca","25426","Machetá","Cultivos tropicales tradicionales","Cultivos tropicales tradicionales","Caña","Caña panelera","2019","2019","49,00","42,00","5.460,00","130,00","Permanente","Caña o verde","2030402","Saccharum officinarum"
"25","Cundinamarca","25426","Machetá","Cultivos tropicales tradicionales","Cultivos tropicales tradicionales","Caña","Caña panelera","2020","2020","41,00","41,00","5.000,00","121,95","Permanente","Caña o verde","2030402","Saccharum officinarum"
"25","Cundinamarca","25426","Machetá","Cultivos tropicales tradicionales","Cultivos tropicales tradicionales","Caña","Caña panelera","2021","2021","43,00","37,00","2.960,00","80,00","Permanente","Caña o verde","2030402","Saccharum officinarum"
"25","Cundinamarca","25426","Machetá","Cultivos tropicales tradicionales","Cultivos tropicales tradicionales","Caña","Caña panelera","2022","2022","43,00","43,00","3.440,00","80,00","Permanente","Caña o verde","2030402","Saccharum officinarum"
"25","Cundinamarca","25426","Machetá","Cultivos tropicales tradicionales","Cultivos tropicales tradicionales","Caña","Caña panelera","2023","2023","43,00","42,00","2.436,00","58,00","Permanente","Caña o verde","2030402","Saccharum officinarum"
"25","Cundinamarca","25426","Machetá","Cultivos tropicales tradicionales","Cultivos tropicales tradicionales","Caña","Caña panelera","2024","2024","43,00","43,00","249,40","5,80","Permanente","Caña o verde","2030402","Saccharum officinarum"
"25","Cundinamarca","25426","Machetá","Hortalizas","Hortalizas de raíz","Cebolla de bulbo","Cebolla de bulbo","2019","2019A","180,00","180,00","4.140,00","23,00","Transitorio","En fresco","1051100","Allium cepa"
"25","Cundinamarca","25426","Machetá","Hortalizas","Hortalizas de raíz","Cebolla de bulbo","Cebolla de bulbo","2019","2019B","180,00","180,00","4.140,00","23,00","Transitorio","En fresco","1051100","Allium cepa"
"25","Cundinamarca","25426","Machetá","Hortalizas","Hortalizas de raíz","Cebolla de bulbo","Cebolla de bulbo","2020","2020A","190,00","190,00","4.300,00","22,63","Transitorio","En fresco","1051100","Allium cepa"
"25","Cundinamarca","25426","Machetá","Hortalizas","Hortalizas de raíz","Cebolla de bulbo","Cebolla de bulbo","2020","2020B","180,00","180,00","4.200,00","23,33","Transitorio","En fresco","1051100","Allium cepa"
"25","Cundinamarca","25426","Machetá","Hortalizas","Hortalizas de raíz","Cebolla de bulbo","Cebolla de bulbo","2021","2021A","171,60","170,00","3.740,00","22,00","Transitorio","En fresco","1051100","Allium cepa"
"25","Cundinamarca","25426","Machetá","Hortalizas","Hortalizas de raíz","Cebolla de bulbo","Cebolla de bulbo","2021","2021B","180,00","169,00","3.718,00","22,00","Transitorio","En fresco","1051100","Allium cepa"
"25","Cundinamarca","25426","Machetá","Hortalizas","Hortalizas de raíz","Cebolla de bulbo","Cebolla de bulbo","2022","2022A","160,00","169,00","3.549,00","21,00","Transitorio","En fresco","1051100","Allium cepa"
"25","Cundinamarca","25426","Machetá","Hortalizas","Hortalizas de raíz","Cebolla de bulbo","Cebolla de bulbo","2022","2022B","185,00","160,00","3.520,00","22,00","Transitorio","En fresco","1051100","Allium cepa"
"25","Cundinamarca","25426","Machetá","Hortalizas","Hortalizas de raíz","Cebolla de bulbo","Cebolla de bulbo","2023","2023A","162,00","160,00","3.136,00","19,60","Transitorio","En fresco","1051100","Allium cepa"
"25","Cundinamarca","25426","Machetá","Hortalizas","Hortalizas de raíz","Cebolla de bulbo","Cebolla de bulbo","2023","2023B","186,00","162,00","2.916,00","18,00","Transitorio","En fresco","1051100","Allium cepa"
"25","Cundinamarca","25426","Machetá","Hortalizas","Hortalizas de raíz","Cebolla de bulbo","Cebolla de bulbo","2024","2024A","160,00","140,00","1.302,00","9,30","Transitorio","En fresco","1051100","Allium cepa"
"25","Cundinamarca","25426","Machetá","Hortalizas","Hortalizas de raíz","Cebolla de bulbo","Cebolla de bulbo","2024","2024B","148,00","145,00","2.610,00","18,00","Transitorio","En fresco","1051100","Allium cepa"
"25","Cundinamarca","25426","Machetá","Frutales","Caducifolios","Ciruela","Ciruela","2019","2019","3,00","3,00","14,40","4,80","Permanente","En fresco","2041800","Prunus domestica"
"25","Cundinamarca","25426","Machetá","Frutales","Caducifolios","Ciruela","Ciruela","2020","2020","3,00","3,00","13,00","4,33","Permanente","En fresco","2041800","Prunus domestica"
"25","Cundinamarca","25426","Machetá","Frutales","Caducifolios","Ciruela","Ciruela","2021","2021","2,97","2,96","11,84","4,00","Permanente","En fresco","2041800","Prunus domestica"
"25","Cundinamarca","25426","Machetá","Frutales","Caducifolios","Ciruela","Ciruela","2022","2022","2,97","2,97","11,88","4,00","Permanente","En fresco","2041800","Prunus domestica"
"25","Cundinamarca","25426","Machetá","Frutales","Caducifolios","Ciruela","Ciruela","2023","2023","3,17","2,97","10,40","3,50","Permanente","En fresco","2041800","Prunus domestica"
"25","Cundinamarca","25426","Machetá","Frutales","Caducifolios","Ciruela","Ciruela","2024","2024","3,17","3,17","11,10","3,50","Permanente","En fresco","2041800","Prunus domestica"
"25","Cundinamarca","25426","Machetá","Frutales","Caducifolios","Durazno o albaricoque","Durazno o albaricoque","2019","2019","4,00","4,00","19,20","4,80","Permanente","En fresco","2042400","Prunus persica L."
"25","Cundinamarca","25426","Machetá","Frutales","Caducifolios","Durazno o albaricoque","Durazno o albaricoque","2020","2020","4,00","4,00","17,00","4,25","Permanente","En fresco","2042400","Prunus persica L."
"25","Cundinamarca","25426","Machetá","Frutales","Caducifolios","Durazno o albaricoque","Durazno o albaricoque","2021","2021","3,60","3,10","13,64","4,40","Permanente","En fresco","2042400","Prunus persica L."
"25","Cundinamarca","25426","Machetá","Frutales","Caducifolios","Durazno o albaricoque","Durazno o albaricoque","2022","2022","3,40","3,40","14,28","4,20","Permanente","En fresco","2042400","Prunus persica L."
"25","Cundinamarca","25426","Machetá","Frutales","Caducifolios","Durazno o albaricoque","Durazno o albaricoque","2023","2023","3,40","3,40","14,28","4,20","Permanente","En fresco","2042400","Prunus persica L."
"25","Cundinamarca","25426","Machetá","Frutales","Caducifolios","Durazno o albaricoque","Durazno o albaricoque","2024","2024","4,40","3,40","14,28","4,20","Permanente","En fresco","2042400","Prunus persica L."
"25","Cundinamarca","25426","Machetá","Frutales","Mirtáceas","Feijoa","Feijoa","2019","2019","3,00","3,00","18,90","6,30","Permanente","En fresco","2042500","Feijoa sellowiana"
"25","Cundinamarca","25426","Machetá","Frutales","Mirtáceas","Feijoa","Feijoa","2020","2020","3,00","3,00","17,00","5,67","Permanente","En fresco","2042500","Feijoa sellowiana"
"25","Cundinamarca","25426","Machetá","Frutales","Mirtáceas","Feijoa","Feijoa","2021","2021","2,80","2,40","11,28","4,70","Permanente","En fresco","2042500","Feijoa sellowiana"
"25","Cundinamarca","25426","Machetá","Frutales","Mirtáceas","Feijoa","Feijoa","2022","2022","2,80","2,80","12,32","4,40","Permanente","En fresco","2042500","Feijoa sellowiana"
"25","Cundinamarca","25426","Machetá","Frutales","Mirtáceas","Feijoa","Feijoa","2023","2023","2,80","2,80","22,40","8,00","Permanente","En fresco","2042500","Feijoa sellowiana"
"25","Cundinamarca","25426","Machetá","Frutales","Mirtáceas","Feijoa","Feijoa","2024","2024","2,80","2,80","22,40","8,00","Permanente","En fresco","2042500","Feijoa sellowiana"
"25","Cundinamarca","25426","Machetá","Leguminosas","Leguminosas","Frijol","Frijol","2019","2019B","25,00","25,00","90,91","3,64","Transitorio","Grano seco","1060200","Phaseolus vulgaris"
"25","Cundinamarca","25426","Machetá","Leguminosas","Leguminosas","Frijol","Frijol","2020","2020B","25,00","20,00","52,45","2,62","Transitorio","Grano seco","1060200","Phaseolus vulgaris"
"25","Cundinamarca","25426","Machetá","Leguminosas","Leguminosas","Frijol","Frijol","2021","2021B","27,00","26,00","33,28","1,28","Transitorio","Grano seco","1060200","Phaseolus vulgaris"
"25","Cundinamarca","25426","Machetá","Leguminosas","Leguminosas","Frijol","Frijol","2022","2022B","30,00","20,00","26,57","1,33","Transitorio","Grano seco","1060200","Phaseolus vulgaris"
"25","Cundinamarca","25426","Machetá","Leguminosas","Leguminosas","Frijol","Frijol","2023","2023B","30,00","30,00","33,57","1,12","Transitorio","Grano seco","1060200","Phaseolus vulgaris"
"25","Cundinamarca","25426","Machetá","Leguminosas","Leguminosas","Frijol","Frijol","2024","2024B","28,00","28,00","31,33","1,12","Transitorio","Grano seco","1060200","Phaseolus vulgaris"
"25","Cundinamarca","25426","Machetá","Frutales","Pasifloráceas","Gulupa o cholupa","Gulupa o cholupa","2019","2019","26,00","26,00","260,00","10,00","Permanente","En fresco","2043100","Passiflora edulis Sims fo. Edulis"
"25","Cundinamarca","25426","Machetá","Frutales","Pasifloráceas","Gulupa o cholupa","Gulupa o cholupa","2020","2020","28,00","26,00","260,00","10,00","Permanente","En fresco","2043100","Passiflora edulis Sims fo. Edulis"
"25","Cundinamarca","25426","Machetá","Frutales","Pasifloráceas","Gulupa o cholupa","Gulupa o cholupa","2021","2021","28,20","25,20","277,20","11,00","Permanente","En fresco","2043100","Passiflora edulis Sims fo. Edulis"
"25","Cundinamarca","25426","Machetá","Frutales","Pasifloráceas","Gulupa o cholupa","Gulupa o cholupa","2022","2022","48,20","48,20","530,20","11,00","Permanente","En fresco","2043100","Passiflora edulis Sims fo. Edulis"
"25","Cundinamarca","25426","Machetá","Frutales","Pasifloráceas","Gulupa o cholupa","Gulupa o cholupa","2023","2023","45,20","45,20","904,00","20,00","Permanente","En fresco","2043100","Passiflora edulis Sims fo. Edulis"
"25","Cundinamarca","25426","Machetá","Frutales","Pasifloráceas","Gulupa o cholupa","Gulupa o cholupa","2024","2024","45,20","45,20","904,00","20,00","Permanente","En fresco","2043100","Passiflora edulis Sims fo. Edulis"
"25","Cundinamarca","25426","Machetá","Frutales","Cítricos","Limón","Limón demás variedades","2021","2021","2,65","2,15","21,47","9,99","Permanente","En fresco","2043699","Citrus limon"
"25","Cundinamarca","25426","Machetá","Frutales","Cítricos","Limón","Limón demás variedades","2022","2022","2,65","2,65","26,50","10,00","Permanente","En fresco","2043699","Citrus limon"
"25","Cundinamarca","25426","Machetá","Frutales","Cítricos","Limón","Limón demás variedades","2023","2023","2,65","2,65","26,50","10,00","Permanente","En fresco","2043699","Citrus limon"
"25","Cundinamarca","25426","Machetá","Frutales","Cítricos","Limón","Limón demás variedades","2024","2024","2,65","2,65","26,50","10,00","Permanente","En fresco","2043699","Citrus limon"
"25","Cundinamarca","25426","Machetá","Frutales","Cítricos","Limón","Limón Tahití","2021","2021","0,36","0,24","2,38","9,92","Permanente","En fresco","2043603","Citrus limon"
"25","Cundinamarca","25426","Machetá","Frutales","Cítricos","Limón","Limón Tahití","2022","2022","0,36","0,36","3,60","10,00","Permanente","En fresco","2043603","Citrus limon"
"25","Cundinamarca","25426","Machetá","Frutales","Cítricos","Limón","Limón Tahití","2023","2023","0,36","0,36","3,60","10,00","Permanente","En fresco","2043603","Citrus limon"
"25","Cundinamarca","25426","Machetá","Frutales","Cítricos","Limón","Limón Tahití","2024","2024","0,36","0,36","3,60","10,00","Permanente","En fresco","2043603","Citrus limon"
"25","Cundinamarca","25426","Machetá","Frutales","Cítricos","Mandarina","Mandarina Arrayana y/o Oneco","2021","2021","0,37","0,25","3,30","13,20","Permanente","En fresco","2044101","Citrus reticulata"
"25","Cundinamarca","25426","Machetá","Frutales","Cítricos","Mandarina","Mandarina Arrayana y/o Oneco","2022","2022","0,37","0,37","4,81","13,00","Permanente","En fresco","2044101","Citrus reticulata"
"25","Cundinamarca","25426","Machetá","Frutales","Cítricos","Mandarina","Mandarina Arrayana y/o Oneco","2023","2023","0,37","0,37","2,96","8,00","Permanente","En fresco","2044101","Citrus reticulata"
"25","Cundinamarca","25426","Machetá","Frutales","Cítricos","Mandarina","Mandarina Arrayana y/o Oneco","2024","2024","0,37","0,37","2,96","8,00","Permanente","En fresco","2044101","Citrus reticulata"
"25","Cundinamarca","25426","Machetá","Frutales","Cítricos","Mandarina","Mandarina demás variedades","2021","2021","2,63","2,18","28,35","13,00","Permanente","En fresco","2044199","Citrus reticulata"
"25","Cundinamarca","25426","Machetá","Frutales","Cítricos","Mandarina","Mandarina demás variedades","2022","2022","2,63","2,63","34,19","13,00","Permanente","En fresco","2044199","Citrus reticulata"
"25","Cundinamarca","25426","Machetá","Frutales","Cítricos","Mandarina","Mandarina demás variedades","2023","2023","2,63","2,63","21,04","8,00","Permanente","En fresco","2044199","Citrus reticulata"
"25","Cundinamarca","25426","Machetá","Frutales","Cítricos","Mandarina","Mandarina demás variedades","2024","2024","2,63","2,63","21,04","8,00","Permanente","En fresco","2044199","Citrus reticulata"
"25","Cundinamarca","25426","Machetá","Frutales","Cítricos","Naranja","Naranja demás variedades","2021","2021","5,06","4,16","62,34","14,99","Permanente","En fresco","2044999","Citrus x aurantium"
"25","Cundinamarca","25426","Machetá","Frutales","Cítricos","Naranja","Naranja demás variedades","2022","2022","5,06","5,06","75,90","15,00","Permanente","En fresco","2044999","Citrus x aurantium"
"25","Cundinamarca","25426","Machetá","Frutales","Cítricos","Naranja","Naranja demás variedades","2023","2023","5,06","5,06","35,42","7,00","Permanente","En fresco","2044999","Citrus x aurantium"
"25","Cundinamarca","25426","Machetá","Frutales","Cítricos","Naranja","Naranja demás variedades","2024","2024","5,06","5,06","35,42","7,00","Permanente","En fresco","2044999","Citrus x aurantium"
"25","Cundinamarca","25426","Machetá","Frutales","Cítricos","Naranja","Naranja Valencia","2021","2021","0,28","0,25","2,47","9,88","Permanente","En fresco","2044903","Citrus x aurantium"
"25","Cundinamarca","25426","Machetá","Frutales","Cítricos","Naranja","Naranja Valencia","2022","2022","0,28","0,28","2,80","10,00","Permanente","En fresco","2044903","Citrus x aurantium"
"25","Cundinamarca","25426","Machetá","Frutales","Cítricos","Naranja","Naranja Valencia","2023","2023","0,28","0,28","1,12","4,00","Permanente","En fresco","2044903","Citrus x aurantium"
"25","Cundinamarca","25426","Machetá","Frutales","Cítricos","Naranja","Naranja Valencia","2024","2024","0,28","0,28","1,12","4,00","Permanente","En fresco","2044903","Citrus x aurantium"
"25","Cundinamarca","25426","Machetá","Frutales","Cítricos","Otros cítricos","Otros cítricos","2019","2019","11,70","6,00","180,00","30,00","Permanente","En fresco","2049800","No aplica"
"25","Cundinamarca","25426","Machetá","Frutales","Cítricos","Otros cítricos","Otros cítricos","2020","2020","11,70","11,70","180,00","15,38","Permanente","En fresco","2049800","No aplica"
"25","Cundinamarca","25426","Machetá","Raíces y tubérculos","Raíces y tubérculos","Papa","Papa criolla","2019","2019A","35,00","35,00","308,00","8,80","Transitorio","En fresco","1080702","Solanum phureja"
"25","Cundinamarca","25426","Machetá","Raíces y tubérculos","Raíces y tubérculos","Papa","Papa criolla","2019","2019B","25,00","25,00","212,50","8,50","Transitorio","En fresco","1080702","Solanum phureja"
"25","Cundinamarca","25426","Machetá","Raíces y tubérculos","Raíces y tubérculos","Papa","Papa criolla","2020","2020A","35,00","35,00","316,00","9,03","Transitorio","En fresco","1080702","Solanum phureja"
"25","Cundinamarca","25426","Machetá","Raíces y tubérculos","Raíces y tubérculos","Papa","Papa criolla","2020","2020B","22,00","22,00","186,00","8,45","Transitorio","En fresco","1080702","Solanum phureja"
"25","Cundinamarca","25426","Machetá","Raíces y tubérculos","Raíces y tubérculos","Papa","Papa criolla","2021","2021A","35,75","35,25","493,50","14,00","Transitorio","En fresco","1080702","Solanum phureja"
"25","Cundinamarca","25426","Machetá","Raíces y tubérculos","Raíces y tubérculos","Papa","Papa criolla","2021","2021B","23,00","21,50","301,00","14,00","Transitorio","En fresco","1080702","Solanum phureja"
"25","Cundinamarca","25426","Machetá","Raíces y tubérculos","Raíces y tubérculos","Papa","Papa criolla","2022","2022A","35,00","21,50","301,00","14,00","Transitorio","En fresco","1080702","Solanum phureja"
"25","Cundinamarca","25426","Machetá","Raíces y tubérculos","Raíces y tubérculos","Papa","Papa criolla","2022","2022B","22,00","35,00","490,00","14,00","Transitorio","En fresco","1080702","Solanum phureja"
"25","Cundinamarca","25426","Machetá","Raíces y tubérculos","Raíces y tubérculos","Papa","Papa criolla","2023","2023A","35,00","22,00","396,00","18,00","Transitorio","En fresco","1080702","Solanum phureja"
"25","Cundinamarca","25426","Machetá","Raíces y tubérculos","Raíces y tubérculos","Papa","Papa criolla","2023","2023B","22,00","35,00","840,00","24,00","Transitorio","En fresco","1080702","Solanum phureja"
"25","Cundinamarca","25426","Machetá","Raíces y tubérculos","Raíces y tubérculos","Papa","Papa criolla","2024","2024A","23,00","22,00","396,00","18,00","Transitorio","En fresco","1080702","Solanum phureja"
"25","Cundinamarca","25426","Machetá","Raíces y tubérculos","Raíces y tubérculos","Papa","Papa criolla","2024","2024B","22,00","23,00","529,00","23,00","Transitorio","En fresco","1080702","Solanum phureja"
"25","Cundinamarca","25426","Machetá","Raíces y tubérculos","Raíces y tubérculos","Papa","Papa todas las variedades","2019","2019A","260,00","260,00","3.848,00","14,80","Transitorio","En fresco","1080701","Solanum tuberosum"
"25","Cundinamarca","25426","Machetá","Raíces y tubérculos","Raíces y tubérculos","Papa","Papa todas las variedades","2019","2019B","140,00","140,00","2.072,00","14,80","Transitorio","En fresco","1080701","Solanum tuberosum"
"25","Cundinamarca","25426","Machetá","Raíces y tubérculos","Raíces y tubérculos","Papa","Papa todas las variedades","2020","2020A","300,00","300,00","4.500,00","15,00","Transitorio","En fresco","1080701","Solanum tuberosum"
"25","Cundinamarca","25426","Machetá","Raíces y tubérculos","Raíces y tubérculos","Papa","Papa todas las variedades","2020","2020B","170,00","170,00","2.516,00","14,80","Transitorio","En fresco","1080701","Solanum tuberosum"
"25","Cundinamarca","25426","Machetá","Raíces y tubérculos","Raíces y tubérculos","Papa","Papa todas las variedades","2021","2021A","268,00","260,00","4.420,00","17,00","Transitorio","En fresco","1080701","Solanum tuberosum"
"25","Cundinamarca","25426","Machetá","Raíces y tubérculos","Raíces y tubérculos","Papa","Papa todas las variedades","2021","2021B","173,00","152,00","2.584,00","17,00","Transitorio","En fresco","1080701","Solanum tuberosum"
"25","Cundinamarca","25426","Machetá","Raíces y tubérculos","Raíces y tubérculos","Papa","Papa todas las variedades","2022","2022A","270,00","152,00","2.584,00","17,00","Transitorio","En fresco","1080701","Solanum tuberosum"
"25","Cundinamarca","25426","Machetá","Raíces y tubérculos","Raíces y tubérculos","Papa","Papa todas las variedades","2022","2022B","190,00","290,00","4.930,00","17,00","Transitorio","En fresco","1080701","Solanum tuberosum"
"25","Cundinamarca","25426","Machetá","Raíces y tubérculos","Raíces y tubérculos","Papa","Papa todas las variedades","2023","2023A","270,00","160,00","3.520,00","22,00","Transitorio","En fresco","1080701","Solanum tuberosum"
"25","Cundinamarca","25426","Machetá","Raíces y tubérculos","Raíces y tubérculos","Papa","Papa todas las variedades","2023","2023B","190,00","270,00","6.750,00","25,00","Transitorio","En fresco","1080701","Solanum tuberosum"
"25","Cundinamarca","25426","Machetá","Raíces y tubérculos","Raíces y tubérculos","Papa","Papa todas las variedades","2024","2024A","240,00","190,00","4.180,00","22,00","Transitorio","En fresco","1080701","Solanum tuberosum"
"25","Cundinamarca","25426","Machetá","Raíces y tubérculos","Raíces y tubérculos","Papa","Papa todas las variedades","2024","2024B","245,00","240,00","6.000,00","25,00","Transitorio","En fresco","1080701","Solanum tuberosum"
"25","Cundinamarca","25426","Machetá","Frutales","Cítricos","Tangelo","Tangelo","2021","2021","0,01","0,00","0,00","0,00","Permanente","En fresco","2046200","Citrus × tangelo"
"25","Cundinamarca","25426","Machetá","Frutales","Cítricos","Tangelo","Tangelo","2022","2022","0,01","0,00","0,00","0,00","Permanente","En fresco","2046200","Citrus × tangelo"
"25","Cundinamarca","25426","Machetá","Frutales","Cítricos","Tangelo","Tangelo","2023","2023","0,01","0,01","0,04","4,00","Permanente","En fresco","2046200","Citrus × tangelo"
"25","Cundinamarca","25426","Machetá","Frutales","Cítricos","Tangelo","Tangelo","2024","2024","0,01","0,01","0,04","4,00","Permanente","En fresco","2046200","Citrus × tangelo"
"25","Cundinamarca","25426","Machetá","Frutales","Solanáceas","Uchuva","Uchuva","2020","2020","3,00","0,00","0,00","0,00","Permanente","En fresco","2046500","Physalis peruviana"
"25","Cundinamarca","25426","Machetá","Frutales","Solanáceas","Uchuva","Uchuva","2021","2021","2,70","2,00","8,00","4,00","Permanente","En fresco","2046500","Physalis peruviana"
"25","Cundinamarca","25426","Machetá","Frutales","Solanáceas","Uchuva","Uchuva","2022","2022","2,70","2,70","11,61","4,30","Permanente","En fresco","2046500","Physalis peruviana"
"25","Cundinamarca","25426","Machetá","Frutales","Solanáceas","Uchuva","Uchuva","2023","2023","3,70","2,20","24,20","11,00","Permanente","En fresco","2046500","Physalis peruviana"
"25","Cundinamarca","25426","Machetá","Frutales","Solanáceas","Uchuva","Uchuva","2024","2024","3,70","3,70","40,70","11,00","Permanente","En fresco","2046500","Physalis peruviana"
"25","Cundinamarca","25426","Machetá","Raíces y tubérculos","Raíces y tubérculos","Yuca","Yuca consumo en fresco","2019","2019A","2,00","2,00","16,00","8,00","Transitorio","En fresco","1081001","Manihot esculenta"
"25","Cundinamarca","25426","Machetá","Raíces y tubérculos","Raíces y tubérculos","Yuca","Yuca consumo en fresco","2019","2019B","2,00","2,00","16,00","8,00","Transitorio","En fresco","1081001","Manihot esculenta"
"25","Cundinamarca","25426","Machetá","Raíces y tubérculos","Raíces y tubérculos","Yuca","Yuca consumo en fresco","2020","2020A","1,80","1,80","14,00","7,78","Transitorio","En fresco","1081001","Manihot esculenta"
"25","Cundinamarca","25426","Machetá","Raíces y tubérculos","Raíces y tubérculos","Yuca","Yuca consumo en fresco","2020","2020B","2,00","2,00","16,00","8,00","Transitorio","En fresco","1081001","Manihot esculenta"
"25","Cundinamarca","25426","Machetá","Raíces y tubérculos","Raíces y tubérculos","Yuca","Yuca consumo en fresco","2021","2021A","1,80","1,75","17,50","10,00","Transitorio","En fresco","1081001","Manihot esculenta"
"25","Cundinamarca","25426","Machetá","Raíces y tubérculos","Raíces y tubérculos","Yuca","Yuca consumo en fresco","2021","2021B","2,10","1,90","19,00","10,00","Transitorio","En fresco","1081001","Manihot esculenta"
"25","Cundinamarca","25426","Machetá","Raíces y tubérculos","Raíces y tubérculos","Yuca","Yuca consumo en fresco","2022","2022A","1,50","1,60","16,00","10,00","Transitorio","En fresco","1081001","Manihot esculenta"
"25","Cundinamarca","25426","Machetá","Raíces y tubérculos","Raíces y tubérculos","Yuca","Yuca consumo en fresco","2022","2022B","2,00","2,10","19,95","9,50","Transitorio","En fresco","1081001","Manihot esculenta"
"25","Cundinamarca","25426","Machetá","Raíces y tubérculos","Raíces y tubérculos","Yuca","Yuca consumo en fresco","2023","2023A","1,50","1,50","27,00","18,00","Transitorio","En fresco","1081001","Manihot esculenta"
"25","Cundinamarca","25426","Machetá","Raíces y tubérculos","Raíces y tubérculos","Yuca","Yuca consumo en fresco","2023","2023B","2,00","2,00","36,00","18,00","Transitorio","En fresco","1081001","Manihot esculenta"
"25","Cundinamarca","25426","Machetá","Raíces y tubérculos","Raíces y tubérculos","Yuca","Yuca consumo en fresco","2024","2024A","1,50","1,50","37,50","25,00","Transitorio","En fresco","1081001","Manihot esculenta"
"25","Cundinamarca","25426","Machetá","Raíces y tubérculos","Raíces y tubérculos","Yuca","Yuca consumo en fresco","2024","2024B","2,00","2,00","36,00","18,00","Transitorio","En fresco","1081001","Manihot esculenta"
"25","Cundinamarca","25436","Manta","Raíces y tubérculos","Raíces y tubérculos","Achira","Achira","2019","2019A","31,00","28,00","308,00","11,00","Transitorio","En fresco","1080100","Canna indica"
"25","Cundinamarca","25436","Manta","Raíces y tubérculos","Raíces y tubérculos","Achira","Achira","2019","2019B","30,00","29,00","319,00","11,00","Transitorio","En fresco","1080100","Canna indica"
"25","Cundinamarca","25436","Manta","Raíces y tubérculos","Raíces y tubérculos","Achira","Achira","2020","2020A","35,00","35,00","175,00","5,00","Transitorio","En fresco","1080100","Canna indica"
"25","Cundinamarca","25436","Manta","Raíces y tubérculos","Raíces y tubérculos","Achira","Achira","2020","2020B","7,00","7,00","35,00","5,00","Transitorio","En fresco","1080100","Canna indica"
"25","Cundinamarca","25436","Manta","Raíces y tubérculos","Raíces y tubérculos","Achira","Achira","2021","2021A","35,00","35,00","175,00","5,00","Transitorio","En fresco","1080100","Canna indica"
"25","Cundinamarca","25436","Manta","Raíces y tubérculos","Raíces y tubérculos","Achira","Achira","2021","2021B","8,00","8,00","40,00","5,00","Transitorio","En fresco","1080100","Canna indica"
"25","Cundinamarca","25436","Manta","Raíces y tubérculos","Raíces y tubérculos","Achira","Achira","2022","2022A","35,00","35,00","175,00","5,00","Transitorio","En fresco","1080100","Canna indica"
"25","Cundinamarca","25436","Manta","Raíces y tubérculos","Raíces y tubérculos","Achira","Achira","2022","2022B","8,00","8,00","40,00","5,00","Transitorio","En fresco","1080100","Canna indica"
"25","Cundinamarca","25436","Manta","Raíces y tubérculos","Raíces y tubérculos","Achira","Achira","2023","2023A","35,00","33,00","165,00","5,00","Transitorio","En fresco","1080100","Canna indica"
"25","Cundinamarca","25436","Manta","Raíces y tubérculos","Raíces y tubérculos","Achira","Achira","2023","2023B","9,00","8,00","40,00","5,00","Transitorio","En fresco","1080100","Canna indica"
"25","Cundinamarca","25436","Manta","Raíces y tubérculos","Raíces y tubérculos","Achira","Achira","2024","2024A","34,00","35,00","175,00","5,00","Transitorio","En fresco","1080100","Canna indica"
"25","Cundinamarca","25436","Manta","Raíces y tubérculos","Raíces y tubérculos","Achira","Achira","2024","2024B","8,00","9,00","45,00","5,00","Transitorio","En fresco","1080100","Canna indica"
"25","Cundinamarca","25436","Manta","Hortalizas","Hortalizas de fruto","Ahuyama","Ahuyama","2019","2019A","9,00","6,00","84,00","14,00","Transitorio","En fresco","1050200","Cucurbita maxima"
"25","Cundinamarca","25436","Manta","Hortalizas","Hortalizas de fruto","Ahuyama","Ahuyama","2019","2019B","8,00","8,00","112,00","14,00","Transitorio","En fresco","1050200","Cucurbita maxima"
"25","Cundinamarca","25436","Manta","Hortalizas","Hortalizas de fruto","Ahuyama","Ahuyama","2020","2020A","7,00","7,00","98,00","14,00","Transitorio","En fresco","1050200","Cucurbita maxima"
"25","Cundinamarca","25436","Manta","Hortalizas","Hortalizas de fruto","Ahuyama","Ahuyama","2020","2020B","6,00","6,00","84,00","14,00","Transitorio","En fresco","1050200","Cucurbita maxima"
"25","Cundinamarca","25436","Manta","Hortalizas","Hortalizas de fruto","Ahuyama","Ahuyama","2021","2021A","7,00","7,00","84,00","12,00","Transitorio","En fresco","1050200","Cucurbita maxima"
"25","Cundinamarca","25436","Manta","Hortalizas","Hortalizas de fruto","Ahuyama","Ahuyama","2021","2021B","6,00","6,00","72,00","12,00","Transitorio","En fresco","1050200","Cucurbita maxima"
"25","Cundinamarca","25436","Manta","Hortalizas","Hortalizas de fruto","Ahuyama","Ahuyama","2022","2022A","7,00","6,00","90,00","15,00","Transitorio","En fresco","1050200","Cucurbita maxima"
"25","Cundinamarca","25436","Manta","Hortalizas","Hortalizas de fruto","Ahuyama","Ahuyama","2022","2022B","5,00","5,00","60,00","12,00","Transitorio","En fresco","1050200","Cucurbita maxima"
"25","Cundinamarca","25436","Manta","Hortalizas","Hortalizas de fruto","Ahuyama","Ahuyama","2023","2023A","8,00","5,00","75,00","15,00","Transitorio","En fresco","1050200","Cucurbita maxima"
"25","Cundinamarca","25436","Manta","Hortalizas","Hortalizas de fruto","Ahuyama","Ahuyama","2023","2023B","6,00","5,00","75,00","15,00","Transitorio","En fresco","1050200","Cucurbita maxima"
"25","Cundinamarca","25436","Manta","Hortalizas","Hortalizas de fruto","Ahuyama","Ahuyama","2024","2024A","8,00","4,00","48,00","12,00","Transitorio","En fresco","1050200","Cucurbita maxima"
"25","Cundinamarca","25436","Manta","Hortalizas","Hortalizas de fruto","Ahuyama","Ahuyama","2024","2024B","5,00","5,00","60,00","12,00","Transitorio","En fresco","1050200","Cucurbita maxima"
"25","Cundinamarca","25436","Manta","Raíces y tubérculos","Raíces y tubérculos","Arracacha","Arracacha","2019","2019B","20,00","20,00","120,00","6,00","Transitorio","En fresco","1080200","Arracacia xanthorrhiza"
"25","Cundinamarca","25436","Manta","Raíces y tubérculos","Raíces y tubérculos","Arracacha","Arracacha","2020","2020A","20,00","20,00","200,00","10,00","Transitorio","En fresco","1080200","Arracacia xanthorrhiza"
"25","Cundinamarca","25436","Manta","Raíces y tubérculos","Raíces y tubérculos","Arracacha","Arracacha","2021","2021A","21,00","21,00","210,00","10,00","Transitorio","En fresco","1080200","Arracacia xanthorrhiza"
"25","Cundinamarca","25436","Manta","Raíces y tubérculos","Raíces y tubérculos","Arracacha","Arracacha","2022","2022A","22,00","21,00","210,00","10,00","Transitorio","En fresco","1080200","Arracacia xanthorrhiza"
"25","Cundinamarca","25436","Manta","Raíces y tubérculos","Raíces y tubérculos","Arracacha","Arracacha","2023","2023A","21,00","20,00","200,00","10,00","Transitorio","En fresco","1080200","Arracacia xanthorrhiza"
"25","Cundinamarca","25436","Manta","Raíces y tubérculos","Raíces y tubérculos","Arracacha","Arracacha","2024","2024A","20,00","21,00","210,00","10,00","Transitorio","En fresco","1080200","Arracacia xanthorrhiza"
"25","Cundinamarca","25436","Manta","Leguminosas","Leguminosas","Arveja","Arveja","2019","2019A","9,00","7,00","10,50","1,50","Transitorio","Grano","1060100","Pisum sativum"
"25","Cundinamarca","25436","Manta","Leguminosas","Leguminosas","Arveja","Arveja","2019","2019B","9,00","9,00","8,41","0,93","Transitorio","Grano","1060100","Pisum sativum"
"25","Cundinamarca","25436","Manta","Leguminosas","Leguminosas","Arveja","Arveja","2020","2020A","10,00","10,00","9,35","0,94","Transitorio","Grano","1060100","Pisum sativum"
"25","Cundinamarca","25436","Manta","Leguminosas","Leguminosas","Arveja","Arveja","2020","2020B","7,00","7,00","9,81","1,40","Transitorio","Grano","1060100","Pisum sativum"
"25","Cundinamarca","25436","Manta","Leguminosas","Leguminosas","Arveja","Arveja","2021","2021A","11,00","11,00","13,20","1,20","Transitorio","Grano","1060100","Pisum sativum"
"25","Cundinamarca","25436","Manta","Leguminosas","Leguminosas","Arveja","Arveja","2021","2021B","8,00","8,00","9,60","1,20","Transitorio","Grano","1060100","Pisum sativum"
"25","Cundinamarca","25436","Manta","Leguminosas","Leguminosas","Arveja","Arveja","2022","2022A","12,00","11,00","10,28","0,93","Transitorio","Grano","1060100","Pisum sativum"
"25","Cundinamarca","25436","Manta","Leguminosas","Leguminosas","Arveja","Arveja","2022","2022B","7,00","7,00","7,52","1,07","Transitorio","Grano","1060100","Pisum sativum"
"25","Cundinamarca","25436","Manta","Leguminosas","Leguminosas","Arveja","Arveja","2023","2023A","13,00","11,00","10,28","0,93","Transitorio","Grano","1060100","Pisum sativum"
"25","Cundinamarca","25436","Manta","Leguminosas","Leguminosas","Arveja","Arveja","2023","2023B","6,00","6,00","6,45","1,08","Transitorio","Grano","1060100","Pisum sativum"
"25","Cundinamarca","25436","Manta","Leguminosas","Leguminosas","Arveja","Arveja","2024","2024A","12,00","12,00","11,21","0,93","Transitorio","Grano","1060100","Pisum sativum"
"25","Cundinamarca","25436","Manta","Leguminosas","Leguminosas","Arveja","Arveja","2024","2024B","6,00","6,00","6,45","1,08","Transitorio","Grano","1060100","Pisum sativum"
"25","Cundinamarca","25436","Manta","Frutales","Demás frutales","Banano","Banano consumo interno","2019","2019","20,00","15,00","144,00","9,60","Permanente","En fresco","2040902","Musa acuminata"
"25","Cundinamarca","25436","Manta","Frutales","Demás frutales","Banano","Banano consumo interno","2020","2020","23,00","18,00","144,00","8,00","Permanente","En fresco","2040902","Musa acuminata"
"25","Cundinamarca","25436","Manta","Frutales","Demás frutales","Banano","Banano consumo interno","2021","2021","26,00","21,00","189,00","9,00","Permanente","En fresco","2040902","Musa acuminata"
"25","Cundinamarca","25436","Manta","Frutales","Demás frutales","Banano","Banano consumo interno","2022","2022","31,00","21,00","189,00","9,00","Permanente","En fresco","2040902","Musa acuminata"
"25","Cundinamarca","25436","Manta","Frutales","Demás frutales","Banano","Banano consumo interno","2023","2023","31,00","26,00","234,00","9,00","Permanente","En fresco","2040902","Musa acuminata"
"25","Cundinamarca","25436","Manta","Frutales","Demás frutales","Banano","Banano consumo interno","2024","2024","32,00","21,00","189,00","9,00","Permanente","En fresco","2040902","Musa acuminata"
"25","Cundinamarca","25436","Manta","Cultivos tropicales tradicionales","Cultivos tropicales tradicionales","Café","Café","2019","2019","179,00","172,00","172,00","1,00","Permanente","Pergamino o seco de trilla","2030300","Coffea arabica"
"25","Cundinamarca","25436","Manta","Cultivos tropicales tradicionales","Cultivos tropicales tradicionales","Café","Café","2020","2020","179,00","174,00","161,00","0,93","Permanente","Pergamino o seco de trilla","2030300","Coffea arabica"
"25","Cundinamarca","25436","Manta","Cultivos tropicales tradicionales","Cultivos tropicales tradicionales","Café","Café","2021","2021","177,16","171,48","140,61","0,82","Permanente","Pergamino o seco de trilla","2030300","Coffea arabica"
"25","Cundinamarca","25436","Manta","Cultivos tropicales tradicionales","Cultivos tropicales tradicionales","Café","Café","2022","2022","177,66","172,49","106,59","0,62","Permanente","Pergamino o seco de trilla","2030300","Coffea arabica"
"25","Cundinamarca","25436","Manta","Cultivos tropicales tradicionales","Cultivos tropicales tradicionales","Café","Café","2023","2023","171,93","168,89","93,61","0,55","Permanente","Pergamino o seco de trilla","2030300","Coffea arabica"
"25","Cundinamarca","25436","Manta","Cultivos tropicales tradicionales","Cultivos tropicales tradicionales","Café","Café","2024","2024","171,70","166,51","113,23","0,68","Permanente","Pergamino o seco de trilla","2030300","Coffea arabica"
"25","Cundinamarca","25436","Manta","Hortalizas","Hortalizas de fruto","Calabacín, calabaza","Calabacín, calabaza","2019","2019A","93,00","77,00","880,00","11,43","Transitorio","En fresco","1051000","Cucurbita pepo"
"25","Cundinamarca","25436","Manta","Hortalizas","Hortalizas de fruto","Calabacín, calabaza","Calabacín, calabaza","2019","2019B","89,00","89,00","1.125,00","12,64","Transitorio","En fresco","1051000","Cucurbita pepo"
"25","Cundinamarca","25436","Manta","Hortalizas","Hortalizas de fruto","Calabacín, calabaza","Calabacín, calabaza","2020","2020A","50,00","48,00","576,00","12,00","Transitorio","En fresco","1051000","Cucurbita pepo"
"25","Cundinamarca","25436","Manta","Hortalizas","Hortalizas de fruto","Calabacín, calabaza","Calabacín, calabaza","2020","2020B","40,00","40,00","480,00","12,00","Transitorio","En fresco","1051000","Cucurbita pepo"
"25","Cundinamarca","25436","Manta","Hortalizas","Hortalizas de fruto","Calabacín, calabaza","Calabacín, calabaza","2021","2021A","53,00","51,00","561,00","11,00","Transitorio","En fresco","1051000","Cucurbita pepo"
"25","Cundinamarca","25436","Manta","Hortalizas","Hortalizas de fruto","Calabacín, calabaza","Calabacín, calabaza","2021","2021B","43,00","42,00","504,00","12,00","Transitorio","En fresco","1051000","Cucurbita pepo"
"25","Cundinamarca","25436","Manta","Hortalizas","Hortalizas de fruto","Calabacín, calabaza","Calabacín, calabaza","2022","2022A","50,00","48,00","528,00","11,00","Transitorio","En fresco","1051000","Cucurbita pepo"
"25","Cundinamarca","25436","Manta","Hortalizas","Hortalizas de fruto","Calabacín, calabaza","Calabacín, calabaza","2022","2022B","42,00","42,00","504,00","12,00","Transitorio","En fresco","1051000","Cucurbita pepo"
"25","Cundinamarca","25436","Manta","Hortalizas","Hortalizas de fruto","Calabacín, calabaza","Calabacín, calabaza","2023","2023A","48,00","48,00","576,00","12,00","Transitorio","En fresco","1051000","Cucurbita pepo"
"25","Cundinamarca","25436","Manta","Hortalizas","Hortalizas de fruto","Calabacín, calabaza","Calabacín, calabaza","2023","2023B","45,00","42,00","462,00","11,00","Transitorio","En fresco","1051000","Cucurbita pepo"
"25","Cundinamarca","25436","Manta","Hortalizas","Hortalizas de fruto","Calabacín, calabaza","Calabacín, calabaza","2024","2024A","45,00","45,00","540,00","12,00","Transitorio","En fresco","1051000","Cucurbita pepo"
"25","Cundinamarca","25436","Manta","Hortalizas","Hortalizas de fruto","Calabacín, calabaza","Calabacín, calabaza","2024","2024B","43,00","43,00","473,00","11,00","Transitorio","En fresco","1051000","Cucurbita pepo"
"25","Cundinamarca","25436","Manta","Cultivos tropicales tradicionales","Cultivos tropicales tradicionales","Caña","Caña panelera","2019","2019","57,00","52,00","520,00","10,00","Permanente","Caña o verde","2030402","Saccharum officinarum"
"25","Cundinamarca","25436","Manta","Cultivos tropicales tradicionales","Cultivos tropicales tradicionales","Caña","Caña panelera","2020","2020","52,00","52,00","520,00","10,00","Permanente","Caña o verde","2030402","Saccharum officinarum"
"25","Cundinamarca","25436","Manta","Cultivos tropicales tradicionales","Cultivos tropicales tradicionales","Caña","Caña panelera","2021","2021","51,00","50,00","2.000,00","40,00","Permanente","Caña o verde","2030402","Saccharum officinarum"
"25","Cundinamarca","25436","Manta","Cultivos tropicales tradicionales","Cultivos tropicales tradicionales","Caña","Caña panelera","2022","2022","51,00","49,00","1.960,00","40,00","Permanente","Caña o verde","2030402","Saccharum officinarum"
"25","Cundinamarca","25436","Manta","Cultivos tropicales tradicionales","Cultivos tropicales tradicionales","Caña","Caña panelera","2023","2023","50,00","49,00","1.960,00","40,00","Permanente","Caña o verde","2030402","Saccharum officinarum"
"25","Cundinamarca","25436","Manta","Cultivos tropicales tradicionales","Cultivos tropicales tradicionales","Caña","Caña panelera","2024","2024","50,00","47,00","1.880,00","40,00","Permanente","Caña o verde","2030402","Saccharum officinarum"
"25","Cundinamarca","25436","Manta","Frutales","Caducifolios","Durazno o albaricoque","Durazno o albaricoque","2019","2019","2,00","2,00","10,00","5,00","Permanente","En fresco","2042400","Prunus persica L."
"25","Cundinamarca","25436","Manta","Frutales","Caducifolios","Durazno o albaricoque","Durazno o albaricoque","2020","2020","2,00","2,00","10,00","5,00","Permanente","En fresco","2042400","Prunus persica L."
"25","Cundinamarca","25436","Manta","Frutales","Caducifolios","Durazno o albaricoque","Durazno o albaricoque","2021","2021","2,50","2,00","20,00","10,00","Permanente","En fresco","2042400","Prunus persica L."
"25","Cundinamarca","25436","Manta","Frutales","Caducifolios","Durazno o albaricoque","Durazno o albaricoque","2022","2022","5,50","0,50","4,00","8,00","Permanente","En fresco","2042400","Prunus persica L."
"25","Cundinamarca","25436","Manta","Frutales","Caducifolios","Durazno o albaricoque","Durazno o albaricoque","2023","2023","5,50","0,50","4,00","8,00","Permanente","En fresco","2042400","Prunus persica L."
"25","Cundinamarca","25436","Manta","Frutales","Caducifolios","Durazno o albaricoque","Durazno o albaricoque","2024","2024","5,50","0,50","4,00","8,00","Permanente","En fresco","2042400","Prunus persica L."
"25","Cundinamarca","25436","Manta","Leguminosas","Leguminosas","Frijol","Frijol","2019","2019A","22,00","20,00","35,00","1,75","Transitorio","Grano seco","1060200","Phaseolus vulgaris"
"25","Cundinamarca","25436","Manta","Leguminosas","Leguminosas","Frijol","Frijol","2019","2019B","20,00","20,00","36,00","1,80","Transitorio","Grano seco","1060200","Phaseolus vulgaris"
"25","Cundinamarca","25436","Manta","Leguminosas","Leguminosas","Frijol","Frijol","2020","2020A","20,00","20,00","40,00","2,00","Transitorio","Grano seco","1060200","Phaseolus vulgaris"
"25","Cundinamarca","25436","Manta","Leguminosas","Leguminosas","Frijol","Frijol","2020","2020B","20,00","20,00","40,00","2,00","Transitorio","Grano seco","1060200","Phaseolus vulgaris"
"25","Cundinamarca","25436","Manta","Leguminosas","Leguminosas","Frijol","Frijol","2021","2021A","22,00","21,00","25,20","1,20","Transitorio","Grano seco","1060200","Phaseolus vulgaris"
"25","Cundinamarca","25436","Manta","Leguminosas","Leguminosas","Frijol","Frijol","2021","2021B","24,00","24,00","28,80","1,20","Transitorio","Grano seco","1060200","Phaseolus vulgaris"
"25","Cundinamarca","25436","Manta","Leguminosas","Leguminosas","Frijol","Frijol","2022","2022A","24,00","23,00","25,73","1,12","Transitorio","Grano seco","1060200","Phaseolus vulgaris"
"25","Cundinamarca","25436","Manta","Leguminosas","Leguminosas","Frijol","Frijol","2022","2022B","25,00","23,00","22,52","0,98","Transitorio","Grano seco","1060200","Phaseolus vulgaris"
"25","Cundinamarca","25436","Manta","Leguminosas","Leguminosas","Frijol","Frijol","2023","2023A","24,00","22,00","24,62","1,12","Transitorio","Grano seco","1060200","Phaseolus vulgaris"
"25","Cundinamarca","25436","Manta","Leguminosas","Leguminosas","Frijol","Frijol","2023","2023B","25,00","25,00","24,48","0,98","Transitorio","Grano seco","1060200","Phaseolus vulgaris"
"25","Cundinamarca","25436","Manta","Leguminosas","Leguminosas","Frijol","Frijol","2024","2024A","24,00","24,00","26,85","1,12","Transitorio","Grano seco","1060200","Phaseolus vulgaris"
"25","Cundinamarca","25436","Manta","Leguminosas","Leguminosas","Frijol","Frijol","2024","2024B","24,00","24,00","33,60","1,40","Transitorio","Grano seco","1060200","Phaseolus vulgaris"
"25","Cundinamarca","25436","Manta","Frutales","Pasifloráceas","Gulupa o cholupa","Gulupa o cholupa","2019","2019","7,00","2,00","18,00","9,00","Permanente","En fresco","2043100","Passiflora edulis Sims fo. Edulis"
"25","Cundinamarca","25436","Manta","Frutales","Pasifloráceas","Gulupa o cholupa","Gulupa o cholupa","2020","2020","8,00","6,00","36,00","6,00","Permanente","En fresco","2043100","Passiflora edulis Sims fo. Edulis"
"25","Cundinamarca","25436","Manta","Frutales","Pasifloráceas","Gulupa o cholupa","Gulupa o cholupa","2021","2021","8,50","8,00","40,00","5,00","Permanente","En fresco","2043100","Passiflora edulis Sims fo. Edulis"
"25","Cundinamarca","25436","Manta","Frutales","Pasifloráceas","Gulupa o cholupa","Gulupa o cholupa","2022","2022","4,50","3,50","17,50","5,00","Permanente","En fresco","2043100","Passiflora edulis Sims fo. Edulis"
"25","Cundinamarca","25436","Manta","Frutales","Pasifloráceas","Gulupa o cholupa","Gulupa o cholupa","2023","2023","3,50","2,50","12,50","5,00","Permanente","En fresco","2043100","Passiflora edulis Sims fo. Edulis"
"25","Cundinamarca","25436","Manta","Frutales","Pasifloráceas","Gulupa o cholupa","Gulupa o cholupa","2024","2024","4,50","1,50","7,50","5,00","Permanente","En fresco","2043100","Passiflora edulis Sims fo. Edulis"
"25","Cundinamarca","25436","Manta","Frutales","Solanáceas","Lulo","Lulo","2019","2019","7,00","1,00","15,00","15,00","Permanente","En fresco","2043700","Solanum quitoense"
"25","Cundinamarca","25436","Manta","Frutales","Solanáceas","Lulo","Lulo","2020","2020","4,00","3,00","12,00","4,00","Permanente","En fresco","2043700","Solanum quitoense"
"25","Cundinamarca","25436","Manta","Frutales","Solanáceas","Lulo","Lulo","2021","2021","4,00","3,00","30,00","10,00","Permanente","En fresco","2043700","Solanum quitoense"
"25","Cundinamarca","25436","Manta","Frutales","Solanáceas","Lulo","Lulo","2022","2022","5,00","2,00","20,00","10,00","Permanente","En fresco","2043700","Solanum quitoense"
"25","Cundinamarca","25436","Manta","Frutales","Solanáceas","Lulo","Lulo","2023","2023","5,00","4,00","40,00","10,00","Permanente","En fresco","2043700","Solanum quitoense"
"25","Cundinamarca","25436","Manta","Frutales","Solanáceas","Lulo","Lulo","2024","2024","6,50","3,50","35,00","10,00","Permanente","En fresco","2043700","Solanum quitoense"
"25","Cundinamarca","25436","Manta","Cereales","Cereales","Maíz","Maíz amarillo tradicional","2021","2021A","15,00","15,00","15,00","1,00","Transitorio","Grano seco","1010402","Zea mays"
"25","Cundinamarca","25436","Manta","Cereales","Cereales","Maíz","Maíz amarillo tradicional","2021","2021B","3,00","3,00","3,00","1,00","Transitorio","Grano seco","1010402","Zea mays"
"25","Cundinamarca","25436","Manta","Cereales","Cereales","Maíz","Maíz amarillo tradicional","2022","2022A","16,00","3,00","2,68","0,89","Transitorio","Grano seco","1010402","Zea mays"
"25","Cundinamarca","25436","Manta","Cereales","Cereales","Maíz","Maíz amarillo tradicional","2022","2022B","3,00","15,00","14,68","0,98","Transitorio","Grano seco","1010402","Zea mays"
"25","Cundinamarca","25436","Manta","Cereales","Cereales","Maíz","Maíz amarillo tradicional","2023","2023A","18,00","2,00","1,68","0,84","Transitorio","Grano seco","1010402","Zea mays"
"25","Cundinamarca","25436","Manta","Cereales","Cereales","Maíz","Maíz amarillo tradicional","2023","2023B","3,50","15,00","12,58","0,84","Transitorio","Grano seco","1010402","Zea mays"
"25","Cundinamarca","25436","Manta","Cereales","Cereales","Maíz","Maíz amarillo tradicional","2024","2024A","20,00","3,50","2,94","0,84","Transitorio","Grano seco","1010402","Zea mays"
"25","Cundinamarca","25436","Manta","Cereales","Cereales","Maíz","Maíz amarillo tradicional","2024","2024B","4,00","20,00","16,78","0,84","Transitorio","Grano seco","1010402","Zea mays"
"25","Cundinamarca","25436","Manta","Cereales","Cereales","Maíz","Maíz blanco tradicional","2021","2021A","6,00","6,00","6,00","1,00","Transitorio","Grano seco","1010404","Zea mays"
"25","Cundinamarca","25436","Manta","Cereales","Cereales","Maíz","Maíz blanco tradicional","2021","2021B","3,00","3,00","3,00","1,00","Transitorio","Grano seco","1010404","Zea mays"
"25","Cundinamarca","25436","Manta","Cereales","Cereales","Maíz","Maíz blanco tradicional","2022","2022A","7,00","3,00","2,68","0,89","Transitorio","Grano seco","1010404","Zea mays"
"25","Cundinamarca","25436","Manta","Cereales","Cereales","Maíz","Maíz blanco tradicional","2022","2022B","3,00","6,00","5,87","0,98","Transitorio","Grano seco","1010404","Zea mays"
"25","Cundinamarca","25436","Manta","Cereales","Cereales","Maíz","Maíz blanco tradicional","2023","2023A","7,00","2,00","1,68","0,84","Transitorio","Grano seco","1010404","Zea mays"
"25","Cundinamarca","25436","Manta","Cereales","Cereales","Maíz","Maíz blanco tradicional","2023","2023B","3,50","6,00","5,03","0,84","Transitorio","Grano seco","1010404","Zea mays"
"25","Cundinamarca","25436","Manta","Cereales","Cereales","Maíz","Maíz blanco tradicional","2024","2024A","8,00","3,50","2,94","0,84","Transitorio","Grano seco","1010404","Zea mays"
"25","Cundinamarca","25436","Manta","Cereales","Cereales","Maíz","Maíz blanco tradicional","2024","2024B","4,00","8,00","6,71","0,84","Transitorio","Grano seco","1010404","Zea mays"
"25","Cundinamarca","25436","Manta","Cereales","Cereales","Maíz","Maíz tradicional","2019","2019A","16,00","14,00","25,20","1,80","Transitorio","En fresco","1010497","Zea mays"
"25","Cundinamarca","25436","Manta","Cereales","Cereales","Maíz","Maíz tradicional","2019","2019B","3,00","3,00","5,40","1,80","Transitorio","En fresco","1010497","Zea mays"
"25","Cundinamarca","25436","Manta","Cereales","Cereales","Maíz","Maíz tradicional","2020","2020A","20,00","19,00","38,00","2,00","Transitorio","En fresco","1010497","Zea mays"
"25","Cundinamarca","25436","Manta","Cereales","Cereales","Maíz","Maíz tradicional","2020","2020B","3,00","3,00","9,00","3,00","Transitorio","En fresco","1010497","Zea mays"
"25","Cundinamarca","25436","Manta","Frutales","Demás frutales","Mora","Mora","2019","2019","2,00","1,00","1,00","1,00","Permanente","En fresco","2044700","Rubus glaucus Benth."
"25","Cundinamarca","25436","Manta","Frutales","Demás frutales","Mora","Mora","2020","2020","2,50","2,00","10,00","5,00","Permanente","En fresco","2044700","Rubus glaucus Benth."
"25","Cundinamarca","25436","Manta","Frutales","Demás frutales","Mora","Mora","2021","2021","3,00","2,50","20,00","8,00","Permanente","En fresco","2044700","Rubus glaucus Benth."
"25","Cundinamarca","25436","Manta","Frutales","Demás frutales","Mora","Mora","2022","2022","3,00","2,00","16,00","8,00","Permanente","En fresco","2044700","Rubus glaucus Benth."
"25","Cundinamarca","25436","Manta","Frutales","Demás frutales","Mora","Mora","2023","2023","4,00","3,00","24,00","8,00","Permanente","En fresco","2044700","Rubus glaucus Benth."
"25","Cundinamarca","25436","Manta","Frutales","Demás frutales","Mora","Mora","2024","2024","5,00","3,00","24,00","8,00","Permanente","En fresco","2044700","Rubus glaucus Benth."
"25","Cundinamarca","25436","Manta","Hortalizas","Hortalizas","Otras hortalizas","Otras hortalizas","2019","2019A","9,00","8,00","120,00","15,00","Transitorio","En fresco","1059900","No aplica"
"25","Cundinamarca","25436","Manta","Hortalizas","Hortalizas","Otras hortalizas","Otras hortalizas","2019","2019B","10,00","10,00","150,00","15,00","Transitorio","En fresco","1059900","No aplica"
"25","Cundinamarca","25436","Manta","Hortalizas","Hortalizas","Otras hortalizas","Otras hortalizas","2020","2020A","7,00","7,00","105,00","15,00","Transitorio","En fresco","1059900","No aplica"
"25","Cundinamarca","25436","Manta","Hortalizas","Hortalizas","Otras hortalizas","Otras hortalizas","2020","2020B","7,00","7,00","105,00","15,00","Transitorio","En fresco","1059900","No aplica"
"25","Cundinamarca","25436","Manta","Hortalizas","Hortalizas","Otras hortalizas","Otras hortalizas","2021","2021A","7,00","7,00","70,00","10,00","Transitorio","En fresco","1059900","No aplica"
"25","Cundinamarca","25436","Manta","Hortalizas","Hortalizas","Otras hortalizas","Otras hortalizas","2021","2021B","7,00","7,00","70,00","10,00","Transitorio","En fresco","1059900","No aplica"
"25","Cundinamarca","25436","Manta","Hortalizas","Hortalizas","Otras hortalizas","Otras hortalizas","2022","2022A","6,00","6,00","60,00","10,00","Transitorio","En fresco","1059900","No aplica"
"25","Cundinamarca","25436","Manta","Hortalizas","Hortalizas","Otras hortalizas","Otras hortalizas","2022","2022B","6,00","5,00","50,00","10,00","Transitorio","En fresco","1059900","No aplica"
"25","Cundinamarca","25436","Manta","Hortalizas","Hortalizas","Otras hortalizas","Otras hortalizas","2023","2023A","6,00","5,00","50,00","10,00","Transitorio","En fresco","1059900","No aplica"
"25","Cundinamarca","25436","Manta","Hortalizas","Hortalizas","Otras hortalizas","Otras hortalizas","2023","2023B","5,00","5,00","50,00","10,00","Transitorio","En fresco","1059900","No aplica"
"25","Cundinamarca","25436","Manta","Hortalizas","Hortalizas","Otras hortalizas","Otras hortalizas","2024","2024A","6,00","6,00","60,00","10,00","Transitorio","En fresco","1059900","No aplica"
"25","Cundinamarca","25436","Manta","Hortalizas","Hortalizas","Otras hortalizas","Otras hortalizas","2024","2024B","4,00","4,00","40,00","10,00","Transitorio","En fresco","1059900","No aplica"
"25","Cundinamarca","25436","Manta","Raíces y tubérculos","Raíces y tubérculos","Papa","Papa todas las variedades","2019","2019A","30,00","28,00","560,00","20,00","Transitorio","En fresco","1080701","Solanum tuberosum"
"25","Cundinamarca","25436","Manta","Raíces y tubérculos","Raíces y tubérculos","Papa","Papa todas las variedades","2019","2019B","30,00","30,00","600,00","20,00","Transitorio","En fresco","1080701","Solanum tuberosum"
"25","Cundinamarca","25436","Manta","Raíces y tubérculos","Raíces y tubérculos","Papa","Papa todas las variedades","2020","2020A","30,00","28,00","588,00","21,00","Transitorio","En fresco","1080701","Solanum tuberosum"
"25","Cundinamarca","25436","Manta","Raíces y tubérculos","Raíces y tubérculos","Papa","Papa todas las variedades","2020","2020B","26,00","25,00","525,00","21,00","Transitorio","En fresco","1080701","Solanum tuberosum"
"25","Cundinamarca","25436","Manta","Raíces y tubérculos","Raíces y tubérculos","Papa","Papa todas las variedades","2021","2021A","32,00","30,00","540,00","18,00","Transitorio","En fresco","1080701","Solanum tuberosum"
"25","Cundinamarca","25436","Manta","Raíces y tubérculos","Raíces y tubérculos","Papa","Papa todas las variedades","2021","2021B","28,00","27,00","486,00","18,00","Transitorio","En fresco","1080701","Solanum tuberosum"
"25","Cundinamarca","25436","Manta","Raíces y tubérculos","Raíces y tubérculos","Papa","Papa todas las variedades","2022","2022A","32,00","27,00","486,00","18,00","Transitorio","En fresco","1080701","Solanum tuberosum"
"25","Cundinamarca","25436","Manta","Raíces y tubérculos","Raíces y tubérculos","Papa","Papa todas las variedades","2022","2022B","26,00","26,00","468,00","18,00","Transitorio","En fresco","1080701","Solanum tuberosum"
"25","Cundinamarca","25436","Manta","Raíces y tubérculos","Raíces y tubérculos","Papa","Papa todas las variedades","2023","2023A","32,00","25,00","450,00","18,00","Transitorio","En fresco","1080701","Solanum tuberosum"
"25","Cundinamarca","25436","Manta","Raíces y tubérculos","Raíces y tubérculos","Papa","Papa todas las variedades","2023","2023B","28,00","30,00","540,00","18,00","Transitorio","En fresco","1080701","Solanum tuberosum"
"25","Cundinamarca","25436","Manta","Raíces y tubérculos","Raíces y tubérculos","Papa","Papa todas las variedades","2024","2024A","30,00","28,00","504,00","18,00","Transitorio","En fresco","1080701","Solanum tuberosum"
"25","Cundinamarca","25436","Manta","Raíces y tubérculos","Raíces y tubérculos","Papa","Papa todas las variedades","2024","2024B","29,00","30,00","540,00","18,00","Transitorio","En fresco","1080701","Solanum tuberosum"
"25","Cundinamarca","25436","Manta","Hortalizas","Hortalizas de fruto","Pimentón","Pimentón","2019","2019A","14,00","12,00","90,00","7,50","Transitorio","En fresco","1052500","Capsicum annuum"
"25","Cundinamarca","25436","Manta","Hortalizas","Hortalizas de fruto","Pimentón","Pimentón","2019","2019B","14,00","14,00","105,00","7,50","Transitorio","En fresco","1052500","Capsicum annuum"
"25","Cundinamarca","25436","Manta","Hortalizas","Hortalizas de fruto","Pimentón","Pimentón","2020","2020A","10,00","10,00","80,00","8,00","Transitorio","En fresco","1052500","Capsicum annuum"
"25","Cundinamarca","25436","Manta","Hortalizas","Hortalizas de fruto","Pimentón","Pimentón","2020","2020B","8,00","8,00","64,00","8,00","Transitorio","En fresco","1052500","Capsicum annuum"
"25","Cundinamarca","25436","Manta","Hortalizas","Hortalizas de fruto","Pimentón","Pimentón","2021","2021A","8,00","8,00","72,00","9,00","Transitorio","En fresco","1052500","Capsicum annuum"
"25","Cundinamarca","25436","Manta","Hortalizas","Hortalizas de fruto","Pimentón","Pimentón","2021","2021B","8,00","8,00","80,00","10,00","Transitorio","En fresco","1052500","Capsicum annuum"
"25","Cundinamarca","25436","Manta","Hortalizas","Hortalizas de fruto","Pimentón","Pimentón","2022","2022A","6,00","6,00","60,00","10,00","Transitorio","En fresco","1052500","Capsicum annuum"
"25","Cundinamarca","25436","Manta","Hortalizas","Hortalizas de fruto","Pimentón","Pimentón","2022","2022B","7,00","7,00","63,00","9,00","Transitorio","En fresco","1052500","Capsicum annuum"
"25","Cundinamarca","25436","Manta","Hortalizas","Hortalizas de fruto","Pimentón","Pimentón","2023","2023A","6,00","5,00","45,00","9,00","Transitorio","En fresco","1052500","Capsicum annuum"
"25","Cundinamarca","25436","Manta","Hortalizas","Hortalizas de fruto","Pimentón","Pimentón","2023","2023B","7,00","7,00","63,00","9,00","Transitorio","En fresco","1052500","Capsicum annuum"
"25","Cundinamarca","25436","Manta","Hortalizas","Hortalizas de fruto","Pimentón","Pimentón","2024","2024A","6,00","6,00","54,00","9,00","Transitorio","En fresco","1052500","Capsicum annuum"
"25","Cundinamarca","25436","Manta","Hortalizas","Hortalizas de fruto","Pimentón","Pimentón","2024","2024B","7,00","7,00","63,00","9,00","Transitorio","En fresco","1052500","Capsicum annuum"
"25","Cundinamarca","25436","Manta","Frutales","Demás frutales","Plátano","Plátano consumo interno","2019","2019","29,00","22,00","66,00","3,00","Permanente","En fresco","2045802","Musa x paradisiaca"
"25","Cundinamarca","25436","Manta","Frutales","Demás frutales","Plátano","Plátano consumo interno","2020","2020","31,00","27,00","108,00","4,00","Permanente","En fresco","2045802","Musa x paradisiaca"
"25","Cundinamarca","25436","Manta","Frutales","Demás frutales","Plátano","Plátano consumo interno","2021","2021","31,00","28,00","224,00","8,00","Permanente","En fresco","2045802","Musa x paradisiaca"
"25","Cundinamarca","25436","Manta","Frutales","Demás frutales","Plátano","Plátano consumo interno","2022","2022","36,00","26,00","208,00","8,00","Permanente","En fresco","2045802","Musa x paradisiaca"
"25","Cundinamarca","25436","Manta","Frutales","Demás frutales","Plátano","Plátano consumo interno","2023","2023","36,00","31,00","279,00","9,00","Permanente","En fresco","2045802","Musa x paradisiaca"
"25","Cundinamarca","25436","Manta","Frutales","Demás frutales","Plátano","Plátano consumo interno","2024","2024","42,00","31,00","279,00","9,00","Permanente","En fresco","2045802","Musa x paradisiaca"
"25","Cundinamarca","25436","Manta","Hortalizas","Hortalizas de fruto","Tomate","Tomate","2019","2019A","15,00","12,00","216,00","18,00","Transitorio","En fresco","1052901","Lycopersicon esculentum"
"25","Cundinamarca","25436","Manta","Hortalizas","Hortalizas de fruto","Tomate","Tomate","2019","2019B","10,00","10,00","180,00","18,00","Transitorio","En fresco","1052901","Lycopersicon esculentum"
"25","Cundinamarca","25436","Manta","Hortalizas","Hortalizas de fruto","Tomate","Tomate","2020","2020A","6,00","6,00","120,00","20,00","Transitorio","En fresco","1052901","Lycopersicon esculentum"
"25","Cundinamarca","25436","Manta","Hortalizas","Hortalizas de fruto","Tomate","Tomate","2020","2020B","3,00","3,00","60,00","20,00","Transitorio","En fresco","1052901","Lycopersicon esculentum"
"25","Cundinamarca","25436","Manta","Hortalizas","Hortalizas de fruto","Tomate","Tomate","2021","2021A","7,00","7,00","140,00","20,00","Transitorio","En fresco","1052901","Lycopersicon esculentum"
"25","Cundinamarca","25436","Manta","Hortalizas","Hortalizas de fruto","Tomate","Tomate","2021","2021B","3,00","3,00","60,00","20,00","Transitorio","En fresco","1052901","Lycopersicon esculentum"
"25","Cundinamarca","25436","Manta","Hortalizas","Hortalizas de fruto","Tomate","Tomate","2022","2022A","7,00","7,00","140,00","20,00","Transitorio","En fresco","1052901","Lycopersicon esculentum"
"25","Cundinamarca","25436","Manta","Hortalizas","Hortalizas de fruto","Tomate","Tomate","2022","2022B","3,00","3,00","60,00","20,00","Transitorio","En fresco","1052901","Lycopersicon esculentum"
"25","Cundinamarca","25436","Manta","Hortalizas","Hortalizas de fruto","Tomate","Tomate","2023","2023A","7,00","5,00","100,00","20,00","Transitorio","En fresco","1052901","Lycopersicon esculentum"
"25","Cundinamarca","25436","Manta","Hortalizas","Hortalizas de fruto","Tomate","Tomate","2023","2023B","4,00","3,00","60,00","20,00","Transitorio","En fresco","1052901","Lycopersicon esculentum"
"25","Cundinamarca","25436","Manta","Hortalizas","Hortalizas de fruto","Tomate","Tomate","2024","2024A","8,00","8,00","160,00","20,00","Transitorio","En fresco","1052901","Lycopersicon esculentum"
"25","Cundinamarca","25436","Manta","Hortalizas","Hortalizas de fruto","Tomate","Tomate","2024","2024B","4,00","4,00","80,00","20,00","Transitorio","En fresco","1052901","Lycopersicon esculentum"
"25","Cundinamarca","25436","Manta","Frutales","Solanáceas","Tomate de árbol","Tomate de árbol","2019","2019","2,00","0,00","0,00","0,00","Permanente","En fresco","2046300","Solanum betaceum"
"25","Cundinamarca","25436","Manta","Frutales","Solanáceas","Tomate de árbol","Tomate de árbol","2020","2020","2,50","2,00","14,00","7,00","Permanente","En fresco","2046300","Solanum betaceum"
"25","Cundinamarca","25436","Manta","Frutales","Solanáceas","Tomate de árbol","Tomate de árbol","2021","2021","3,00","2,50","17,50","7,00","Permanente","En fresco","2046300","Solanum betaceum"
"25","Cundinamarca","25436","Manta","Frutales","Solanáceas","Tomate de árbol","Tomate de árbol","2022","2022","2,50","2,00","14,00","7,00","Permanente","En fresco","2046300","Solanum betaceum"
"25","Cundinamarca","25436","Manta","Frutales","Solanáceas","Tomate de árbol","Tomate de árbol","2023","2023","3,00","2,50","17,50","7,00","Permanente","En fresco","2046300","Solanum betaceum"
"25","Cundinamarca","25436","Manta","Frutales","Solanáceas","Tomate de árbol","Tomate de árbol","2024","2024","3,50","1,50","10,50","7,00","Permanente","En fresco","2046300","Solanum betaceum"
"25","Cundinamarca","25436","Manta","Hortalizas","Hortalizas de fruto","Tomate","Tomate invernadero","2019","2019A","15,00","14,00","378,00","27,00","Transitorio","En fresco","1052902","Lycopersicon esculentum"
"25","Cundinamarca","25436","Manta","Hortalizas","Hortalizas de fruto","Tomate","Tomate invernadero","2019","2019B","15,00","15,00","375,00","25,00","Transitorio","En fresco","1052902","Lycopersicon esculentum"
"25","Cundinamarca","25436","Manta","Hortalizas","Hortalizas de fruto","Tomate","Tomate invernadero","2020","2020A","12,00","12,00","432,00","36,00","Transitorio","En fresco","1052902","Lycopersicon esculentum"
"25","Cundinamarca","25436","Manta","Hortalizas","Hortalizas de fruto","Tomate","Tomate invernadero","2020","2020B","9,00","9,00","324,00","36,00","Transitorio","En fresco","1052902","Lycopersicon esculentum"
"25","Cundinamarca","25436","Manta","Hortalizas","Hortalizas de fruto","Tomate","Tomate invernadero","2021","2021A","12,00","12,00","432,00","36,00","Transitorio","En fresco","1052902","Lycopersicon esculentum"
"25","Cundinamarca","25436","Manta","Hortalizas","Hortalizas de fruto","Tomate","Tomate invernadero","2021","2021B","9,00","9,00","324,00","36,00","Transitorio","En fresco","1052902","Lycopersicon esculentum"
"25","Cundinamarca","25436","Manta","Hortalizas","Hortalizas de fruto","Tomate","Tomate invernadero","2022","2022A","12,00","12,00","744,00","62,00","Transitorio","En fresco","1052902","Lycopersicon esculentum"
"25","Cundinamarca","25436","Manta","Hortalizas","Hortalizas de fruto","Tomate","Tomate invernadero","2022","2022B","9,00","9,00","540,00","60,00","Transitorio","En fresco","1052902","Lycopersicon esculentum"
"25","Cundinamarca","25436","Manta","Hortalizas","Hortalizas de fruto","Tomate","Tomate invernadero","2023","2023A","12,00","12,00","816,00","68,00","Transitorio","En fresco","1052902","Lycopersicon esculentum"
"25","Cundinamarca","25436","Manta","Hortalizas","Hortalizas de fruto","Tomate","Tomate invernadero","2023","2023B","12,00","12,00","816,00","68,00","Transitorio","En fresco","1052902","Lycopersicon esculentum"
"25","Cundinamarca","25436","Manta","Hortalizas","Hortalizas de fruto","Tomate","Tomate invernadero","2024","2024A","12,00","10,00","680,00","68,00","Transitorio","En fresco","1052902","Lycopersicon esculentum"
"25","Cundinamarca","25436","Manta","Hortalizas","Hortalizas de fruto","Tomate","Tomate invernadero","2024","2024B","12,00","12,00","816,00","68,00","Transitorio","En fresco","1052902","Lycopersicon esculentum"
"25","Cundinamarca","25436","Manta","Raíces y tubérculos","Raíces y tubérculos","Yuca","Yuca consumo en fresco","2019","2019B","30,00","30,00","240,00","8,00","Transitorio","En fresco","1081001","Manihot esculenta"
"25","Cundinamarca","25436","Manta","Raíces y tubérculos","Raíces y tubérculos","Yuca","Yuca consumo en fresco","2020","2020A","30,00","30,00","240,00","8,00","Transitorio","En fresco","1081001","Manihot esculenta"
"25","Cundinamarca","25436","Manta","Raíces y tubérculos","Raíces y tubérculos","Yuca","Yuca consumo en fresco","2020","2020B","10,00","10,00","80,00","8,00","Transitorio","En fresco","1081001","Manihot esculenta"
"25","Cundinamarca","25436","Manta","Raíces y tubérculos","Raíces y tubérculos","Yuca","Yuca consumo en fresco","2021","2021A","28,00","28,00","224,00","8,00","Transitorio","En fresco","1081001","Manihot esculenta"
"25","Cundinamarca","25436","Manta","Raíces y tubérculos","Raíces y tubérculos","Yuca","Yuca consumo en fresco","2021","2021B","10,00","10,00","70,00","7,00","Transitorio","En fresco","1081001","Manihot esculenta"
"25","Cundinamarca","25436","Manta","Raíces y tubérculos","Raíces y tubérculos","Yuca","Yuca consumo en fresco","2022","2022A","29,00","28,00","196,00","7,00","Transitorio","En fresco","1081001","Manihot esculenta"
"25","Cundinamarca","25436","Manta","Raíces y tubérculos","Raíces y tubérculos","Yuca","Yuca consumo en fresco","2022","2022B","10,00","10,00","70,00","7,00","Transitorio","En fresco","1081001","Manihot esculenta"
"25","Cundinamarca","25436","Manta","Raíces y tubérculos","Raíces y tubérculos","Yuca","Yuca consumo en fresco","2023","2023A","28,00","28,00","196,00","7,00","Transitorio","En fresco","1081001","Manihot esculenta"
"25","Cundinamarca","25436","Manta","Raíces y tubérculos","Raíces y tubérculos","Yuca","Yuca consumo en fresco","2023","2023B","10,00","10,00","70,00","7,00","Transitorio","En fresco","1081001","Manihot esculenta"
"25","Cundinamarca","25436","Manta","Raíces y tubérculos","Raíces y tubérculos","Yuca","Yuca consumo en fresco","2024","2024A","26,00","28,00","196,00","7,00","Transitorio","En fresco","1081001","Manihot esculenta"
"25","Cundinamarca","25436","Manta","Raíces y tubérculos","Raíces y tubérculos","Yuca","Yuca consumo en fresco","2024","2024B","11,00","10,00","70,00","7,00","Transitorio","En fresco","1081001","Manihot esculenta"
"25","Cundinamarca","25736","Sesquilé","Frutales","Demás frutales","Arándano","Arándano","2022","2022","12,60","0,00","0,00","0,00","Permanente","En fresco","2040400","Vaccinium corymbosum"
"25","Cundinamarca","25736","Sesquilé","Frutales","Demás frutales","Arándano","Arándano","2023","2023","12,60","12,60","18,90","1,50","Permanente","En fresco","2040400","Vaccinium corymbosum"
"25","Cundinamarca","25736","Sesquilé","Frutales","Demás frutales","Arándano","Arándano","2024","2024","12,60","12,60","18,90","1,50","Permanente","En fresco","2040400","Vaccinium corymbosum"
"25","Cundinamarca","25736","Sesquilé","Leguminosas","Leguminosas","Arveja","Arveja","2019","2019A","15,00","15,00","28,04","1,87","Transitorio","Grano","1060100","Pisum sativum"
"25","Cundinamarca","25736","Sesquilé","Leguminosas","Leguminosas","Arveja","Arveja","2019","2019B","10,00","10,00","18,69","1,87","Transitorio","Grano","1060100","Pisum sativum"
"25","Cundinamarca","25736","Sesquilé","Leguminosas","Leguminosas","Arveja","Arveja","2020","2020A","12,00","12,00","33,64","2,80","Transitorio","Grano","1060100","Pisum sativum"
"25","Cundinamarca","25736","Sesquilé","Leguminosas","Leguminosas","Arveja","Arveja","2020","2020B","13,00","13,00","36,45","2,80","Transitorio","Grano","1060100","Pisum sativum"
"25","Cundinamarca","25736","Sesquilé","Leguminosas","Leguminosas","Arveja","Arveja","2021","2021A","15,00","15,00","28,04","1,87","Transitorio","Grano","1060100","Pisum sativum"
"25","Cundinamarca","25736","Sesquilé","Leguminosas","Leguminosas","Arveja","Arveja","2021","2021B","20,00","18,00","33,64","1,87","Transitorio","Grano","1060100","Pisum sativum"
"25","Cundinamarca","25736","Sesquilé","Leguminosas","Leguminosas","Arveja","Arveja","2022","2022A","10,00","15,00","24,53","1,64","Transitorio","Grano","1060100","Pisum sativum"
"25","Cundinamarca","25736","Sesquilé","Leguminosas","Leguminosas","Arveja","Arveja","2022","2022B","18,00","10,00","16,36","1,64","Transitorio","Grano","1060100","Pisum sativum"
"25","Cundinamarca","25736","Sesquilé","Leguminosas","Leguminosas","Arveja","Arveja","2023","2023A","8,00","18,00","29,44","1,64","Transitorio","Grano","1060100","Pisum sativum"
"25","Cundinamarca","25736","Sesquilé","Leguminosas","Leguminosas","Arveja","Arveja","2023","2023B","14,00","8,00","13,08","1,64","Transitorio","Grano","1060100","Pisum sativum"
"25","Cundinamarca","25736","Sesquilé","Leguminosas","Leguminosas","Arveja","Arveja","2024","2024A","5,00","14,00","22,90","1,64","Transitorio","Grano","1060100","Pisum sativum"
"25","Cundinamarca","25736","Sesquilé","Leguminosas","Leguminosas","Arveja","Arveja","2024","2024B","13,00","18,00","16,82","0,93","Transitorio","Grano","1060100","Pisum sativum"
"25","Cundinamarca","25736","Sesquilé","Leguminosas","Leguminosas","Frijol","Frijol","2019","2019A","3,00","3,00","3,00","1,00","Transitorio","Grano seco","1060200","Phaseolus vulgaris"
"25","Cundinamarca","25736","Sesquilé","Leguminosas","Leguminosas","Frijol","Frijol","2019","2019B","2,00","2,00","2,00","1,00","Transitorio","Grano seco","1060200","Phaseolus vulgaris"
"25","Cundinamarca","25736","Sesquilé","Leguminosas","Leguminosas","Frijol","Frijol","2020","2020A","3,00","3,00","4,20","1,40","Transitorio","Grano seco","1060200","Phaseolus vulgaris"
"25","Cundinamarca","25736","Sesquilé","Leguminosas","Leguminosas","Frijol","Frijol","2021","2021A","5,00","5,00","10,00","2,00","Transitorio","Grano seco","1060200","Phaseolus vulgaris"
"25","Cundinamarca","25736","Sesquilé","Leguminosas","Leguminosas","Frijol","Frijol","2021","2021B","15,00","14,00","28,00","2,00","Transitorio","Grano seco","1060200","Phaseolus vulgaris"
"25","Cundinamarca","25736","Sesquilé","Leguminosas","Leguminosas","Frijol","Frijol","2022","2022A","4,00","10,00","20,98","2,10","Transitorio","Grano seco","1060200","Phaseolus vulgaris"
"25","Cundinamarca","25736","Sesquilé","Leguminosas","Leguminosas","Frijol","Frijol","2022","2022B","4,00","4,00","8,39","2,10","Transitorio","Grano seco","1060200","Phaseolus vulgaris"
"25","Cundinamarca","25736","Sesquilé","Leguminosas","Leguminosas","Frijol","Frijol","2023","2023A","3,00","4,00","8,39","2,10","Transitorio","Grano seco","1060200","Phaseolus vulgaris"
"25","Cundinamarca","25736","Sesquilé","Leguminosas","Leguminosas","Frijol","Frijol","2023","2023B","3,00","3,00","6,29","2,10","Transitorio","Grano seco","1060200","Phaseolus vulgaris"
"25","Cundinamarca","25736","Sesquilé","Leguminosas","Leguminosas","Frijol","Frijol","2024","2024A","1,00","3,00","6,29","2,10","Transitorio","Grano seco","1060200","Phaseolus vulgaris"
"25","Cundinamarca","25736","Sesquilé","Leguminosas","Leguminosas","Frijol","Frijol","2024","2024B","3,00","1,00","3,50","3,50","Transitorio","Grano seco","1060200","Phaseolus vulgaris"
"25","Cundinamarca","25736","Sesquilé","Leguminosas","Leguminosas","Haba","Haba","2019","2019A","2,00","2,00","2,65","1,32","Transitorio","Grano seco","1060500","Vicia faba"
"25","Cundinamarca","25736","Sesquilé","Leguminosas","Leguminosas","Haba","Haba","2019","2019B","2,00","2,00","2,65","1,32","Transitorio","Grano seco","1060500","Vicia faba"
"25","Cundinamarca","25736","Sesquilé","Leguminosas","Leguminosas","Haba","Haba","2020","2020A","2,00","2,00","3,54","1,77","Transitorio","Grano seco","1060500","Vicia faba"
"25","Cundinamarca","25736","Sesquilé","Leguminosas","Leguminosas","Haba","Haba","2021","2021A","3,00","3,00","5,31","1,77","Transitorio","Grano seco","1060500","Vicia faba"
"25","Cundinamarca","25736","Sesquilé","Leguminosas","Leguminosas","Haba","Haba","2022","2022A","3,00","0,00","0,00","0,00","Transitorio","Grano seco","1060500","Vicia faba"
"25","Cundinamarca","25736","Sesquilé","Leguminosas","Leguminosas","Haba","Haba","2022","2022B","0,00","2,00","3,27","1,64","Transitorio","Grano seco","1060500","Vicia faba"
"25","Cundinamarca","25736","Sesquilé","Leguminosas","Leguminosas","Haba","Haba","2023","2023A","2,50","0,00","0,00","0,00","Transitorio","Grano seco","1060500","Vicia faba"
"25","Cundinamarca","25736","Sesquilé","Leguminosas","Leguminosas","Haba","Haba","2023","2023B","1,00","2,50","3,87","1,55","Transitorio","Grano seco","1060500","Vicia faba"
"25","Cundinamarca","25736","Sesquilé","Leguminosas","Leguminosas","Haba","Haba","2024","2024A","1,50","1,00","0,88","0,88","Transitorio","Grano seco","1060500","Vicia faba"
"25","Cundinamarca","25736","Sesquilé","Leguminosas","Leguminosas","Haba","Haba","2024","2024B","1,00","1,50","2,65","1,77","Transitorio","Grano seco","1060500","Vicia faba"
"25","Cundinamarca","25736","Sesquilé","Cereales","Cereales","Maíz","Maíz amarillo tradicional","2021","2021A","22,00","22,00","24,61","1,12","Transitorio","Grano seco","1010402","Zea mays"
"25","Cundinamarca","25736","Sesquilé","Cereales","Cereales","Maíz","Maíz amarillo tradicional","2021","2021B","20,00","18,00","20,14","1,12","Transitorio","Grano seco","1010402","Zea mays"
"25","Cundinamarca","25736","Sesquilé","Cereales","Cereales","Maíz","Maíz amarillo tradicional","2022","2022A","15,00","20,00","26,85","1,34","Transitorio","Grano seco","1010402","Zea mays"
"25","Cundinamarca","25736","Sesquilé","Cereales","Cereales","Maíz","Maíz amarillo tradicional","2022","2022B","21,00","15,00","18,88","1,26","Transitorio","Grano seco","1010402","Zea mays"
"25","Cundinamarca","25736","Sesquilé","Cereales","Cereales","Maíz","Maíz amarillo tradicional","2023","2023A","18,00","21,00","26,43","1,26","Transitorio","Grano seco","1010402","Zea mays"
"25","Cundinamarca","25736","Sesquilé","Cereales","Cereales","Maíz","Maíz amarillo tradicional","2023","2023B","19,00","18,00","24,16","1,34","Transitorio","Grano seco","1010402","Zea mays"
"25","Cundinamarca","25736","Sesquilé","Cereales","Cereales","Maíz","Maíz amarillo tradicional","2024","2024A","16,00","19,00","23,91","1,26","Transitorio","Grano seco","1010402","Zea mays"
"25","Cundinamarca","25736","Sesquilé","Cereales","Cereales","Maíz","Maíz amarillo tradicional","2024","2024B","19,00","16,00","20,14","1,26","Transitorio","Grano seco","1010402","Zea mays"
"25","Cundinamarca","25736","Sesquilé","Cereales","Cereales","Maíz","Maíz tradicional","2019","2019A","23,00","23,00","161,00","7,00","Transitorio","En fresco","1010497","Zea mays"
"25","Cundinamarca","25736","Sesquilé","Cereales","Cereales","Maíz","Maíz tradicional","2019","2019B","15,00","15,00","105,00","7,00","Transitorio","En fresco","1010497","Zea mays"
"25","Cundinamarca","25736","Sesquilé","Cereales","Cereales","Maíz","Maíz tradicional","2020","2020A","10,00","10,00","30,00","3,00","Transitorio","En fresco","1010497","Zea mays"
"25","Cundinamarca","25736","Sesquilé","Raíces y tubérculos","Raíces y tubérculos","Papa","Papa criolla","2019","2019A","100,00","100,00","1.000,00","10,00","Transitorio","En fresco","1080702","Solanum phureja"
"25","Cundinamarca","25736","Sesquilé","Raíces y tubérculos","Raíces y tubérculos","Papa","Papa criolla","2019","2019B","115,00","115,00","1.150,00","10,00","Transitorio","En fresco","1080702","Solanum phureja"
"25","Cundinamarca","25736","Sesquilé","Raíces y tubérculos","Raíces y tubérculos","Papa","Papa criolla","2020","2020A","40,00","30,00","300,00","10,00","Transitorio","En fresco","1080702","Solanum phureja"
"25","Cundinamarca","25736","Sesquilé","Raíces y tubérculos","Raíces y tubérculos","Papa","Papa criolla","2020","2020B","70,00","70,00","700,00","10,00","Transitorio","En fresco","1080702","Solanum phureja"
"25","Cundinamarca","25736","Sesquilé","Raíces y tubérculos","Raíces y tubérculos","Papa","Papa criolla","2021","2021A","50,00","50,00","750,00","15,00","Transitorio","En fresco","1080702","Solanum phureja"
"25","Cundinamarca","25736","Sesquilé","Raíces y tubérculos","Raíces y tubérculos","Papa","Papa criolla","2021","2021B","30,00","26,00","390,00","15,00","Transitorio","En fresco","1080702","Solanum phureja"
"25","Cundinamarca","25736","Sesquilé","Raíces y tubérculos","Raíces y tubérculos","Papa","Papa criolla","2022","2022A","40,00","30,00","540,00","18,00","Transitorio","En fresco","1080702","Solanum phureja"
"25","Cundinamarca","25736","Sesquilé","Raíces y tubérculos","Raíces y tubérculos","Papa","Papa criolla","2022","2022B","30,00","20,00","360,00","18,00","Transitorio","En fresco","1080702","Solanum phureja"
"25","Cundinamarca","25736","Sesquilé","Raíces y tubérculos","Raíces y tubérculos","Papa","Papa criolla","2023","2023A","45,00","28,00","504,00","18,00","Transitorio","En fresco","1080702","Solanum phureja"
"25","Cundinamarca","25736","Sesquilé","Raíces y tubérculos","Raíces y tubérculos","Papa","Papa criolla","2023","2023B","27,00","27,00","486,00","18,00","Transitorio","En fresco","1080702","Solanum phureja"
"25","Cundinamarca","25736","Sesquilé","Raíces y tubérculos","Raíces y tubérculos","Papa","Papa criolla","2024","2024A","55,00","0,00","0,00","0,00","Transitorio","En fresco","1080702","Solanum phureja"
"25","Cundinamarca","25736","Sesquilé","Raíces y tubérculos","Raíces y tubérculos","Papa","Papa criolla","2024","2024B","31,00","86,00","2.322,00","27,00","Transitorio","En fresco","1080702","Solanum phureja"
"25","Cundinamarca","25736","Sesquilé","Raíces y tubérculos","Raíces y tubérculos","Papa","Papa todas las variedades","2019","2019A","1.270,00","1.270,00","54.610,00","43,00","Transitorio","En fresco","1080701","Solanum tuberosum"
"25","Cundinamarca","25736","Sesquilé","Raíces y tubérculos","Raíces y tubérculos","Papa","Papa todas las variedades","2019","2019B","925,00","925,00","37.000,00","40,00","Transitorio","En fresco","1080701","Solanum tuberosum"
"25","Cundinamarca","25736","Sesquilé","Raíces y tubérculos","Raíces y tubérculos","Papa","Papa todas las variedades","2020","2020A","810,00","700,00","21.000,00","30,00","Transitorio","En fresco","1080701","Solanum tuberosum"
"25","Cundinamarca","25736","Sesquilé","Raíces y tubérculos","Raíces y tubérculos","Papa","Papa todas las variedades","2020","2020B","500,00","500,00","16.000,00","32,00","Transitorio","En fresco","1080701","Solanum tuberosum"
"25","Cundinamarca","25736","Sesquilé","Raíces y tubérculos","Raíces y tubérculos","Papa","Papa todas las variedades","2021","2021A","1.100,00","1.100,00","38.500,00","35,00","Transitorio","En fresco","1080701","Solanum tuberosum"
"25","Cundinamarca","25736","Sesquilé","Raíces y tubérculos","Raíces y tubérculos","Papa","Papa todas las variedades","2021","2021B","1.000,00","950,00","33.250,00","35,00","Transitorio","En fresco","1080701","Solanum tuberosum"
"25","Cundinamarca","25736","Sesquilé","Raíces y tubérculos","Raíces y tubérculos","Papa","Papa todas las variedades","2022","2022A","1.050,00","1.020,00","32.640,00","32,00","Transitorio","En fresco","1080701","Solanum tuberosum"
"25","Cundinamarca","25736","Sesquilé","Raíces y tubérculos","Raíces y tubérculos","Papa","Papa todas las variedades","2022","2022B","990,00","980,00","32.340,00","33,00","Transitorio","En fresco","1080701","Solanum tuberosum"
"25","Cundinamarca","25736","Sesquilé","Raíces y tubérculos","Raíces y tubérculos","Papa","Papa todas las variedades","2023","2023A","1.000,00","980,00","31.360,00","32,00","Transitorio","En fresco","1080701","Solanum tuberosum"
"25","Cundinamarca","25736","Sesquilé","Raíces y tubérculos","Raíces y tubérculos","Papa","Papa todas las variedades","2023","2023B","1.200,00","1.200,00","37.200,00","31,00","Transitorio","En fresco","1080701","Solanum tuberosum"
"25","Cundinamarca","25736","Sesquilé","Raíces y tubérculos","Raíces y tubérculos","Papa","Papa todas las variedades","2024","2024A","1.200,00","0,00","0,00","0,00","Transitorio","En fresco","1080701","Solanum tuberosum"
"25","Cundinamarca","25736","Sesquilé","Raíces y tubérculos","Raíces y tubérculos","Papa","Papa todas las variedades","2024","2024B","1.300,00","1.200,00","46.800,00","39,00","Transitorio","En fresco","1080701","Solanum tuberosum"
"25","Cundinamarca","25736","Sesquilé","Hortalizas","Hortalizas de raíz","Zanahoria","Zanahoria","2019","2019A","25,00","25,00","625,00","25,00","Transitorio","En fresco","1053000","Daucus carota"
"25","Cundinamarca","25736","Sesquilé","Hortalizas","Hortalizas de raíz","Zanahoria","Zanahoria","2019","2019B","22,00","22,00","550,00","25,00","Transitorio","En fresco","1053000","Daucus carota"
"25","Cundinamarca","25736","Sesquilé","Hortalizas","Hortalizas de raíz","Zanahoria","Zanahoria","2020","2020B","6,00","6,00","150,00","25,00","Transitorio","En fresco","1053000","Daucus carota"
"25","Cundinamarca","25736","Sesquilé","Hortalizas","Hortalizas de raíz","Zanahoria","Zanahoria","2021","2021B","20,00","15,00","270,00","18,00","Transitorio","En fresco","1053000","Daucus carota"
"25","Cundinamarca","25736","Sesquilé","Hortalizas","Hortalizas de raíz","Zanahoria","Zanahoria","2022","2022B","15,00","14,00","280,00","20,00","Transitorio","En fresco","1053000","Daucus carota"
"25","Cundinamarca","25736","Sesquilé","Hortalizas","Hortalizas de raíz","Zanahoria","Zanahoria","2023","2023B","12,00","12,00","240,00","20,00","Transitorio","En fresco","1053000","Daucus carota"
"25","Cundinamarca","25736","Sesquilé","Hortalizas","Hortalizas de raíz","Zanahoria","Zanahoria","2024","2024B","10,00","10,00","500,00","50,00","Transitorio","En fresco","1053000","Daucus carota"
"25","Cundinamarca","25772","Suesca","Frutales","Demás frutales","Arándano","Arándano","2020","2020","3,50","3,50","24,50","7,00","Permanente","En fresco","2040400","Vaccinium corymbosum"
"25","Cundinamarca","25772","Suesca","Frutales","Demás frutales","Arándano","Arándano","2021","2021","8,50","3,50","31,50","9,00","Permanente","En fresco","2040400","Vaccinium corymbosum"
"25","Cundinamarca","25772","Suesca","Frutales","Demás frutales","Arándano","Arándano","2022","2022","10,50","7,50","22,50","3,00","Permanente","En fresco","2040400","Vaccinium corymbosum"
"25","Cundinamarca","25772","Suesca","Frutales","Demás frutales","Arándano","Arándano","2023","2023","14,50","10,50","73,50","7,00","Permanente","En fresco","2040400","Vaccinium corymbosum"
"25","Cundinamarca","25772","Suesca","Frutales","Demás frutales","Arándano","Arándano","2024","2024","16,50","14,50","101,50","7,00","Permanente","En fresco","2040400","Vaccinium corymbosum"
"25","Cundinamarca","25772","Suesca","Leguminosas","Leguminosas","Arveja","Arveja","2019","2019A","16,00","16,00","29,91","1,87","Transitorio","Grano","1060100","Pisum sativum"
"25","Cundinamarca","25772","Suesca","Leguminosas","Leguminosas","Arveja","Arveja","2019","2019B","20,00","20,00","37,38","1,87","Transitorio","Grano","1060100","Pisum sativum"
"25","Cundinamarca","25772","Suesca","Leguminosas","Leguminosas","Arveja","Arveja","2020","2020A","16,00","16,00","22,43","1,40","Transitorio","Grano","1060100","Pisum sativum"
"25","Cundinamarca","25772","Suesca","Leguminosas","Leguminosas","Arveja","Arveja","2020","2020B","20,00","20,00","28,04","1,40","Transitorio","Grano","1060100","Pisum sativum"
"25","Cundinamarca","25772","Suesca","Leguminosas","Leguminosas","Arveja","Arveja","2021","2021A","8,00","5,00","10,00","2,00","Transitorio","Grano","1060100","Pisum sativum"
"25","Cundinamarca","25772","Suesca","Leguminosas","Leguminosas","Arveja","Arveja","2021","2021B","10,00","10,00","25,00","2,50","Transitorio","Grano","1060100","Pisum sativum"
"25","Cundinamarca","25772","Suesca","Leguminosas","Leguminosas","Arveja","Arveja","2022","2022A","6,00","5,00","12,50","2,50","Transitorio","Grano","1060100","Pisum sativum"
"25","Cundinamarca","25772","Suesca","Leguminosas","Leguminosas","Arveja","Arveja","2022","2022B","8,00","2,00","2,34","1,17","Transitorio","Grano","1060100","Pisum sativum"
"25","Cundinamarca","25772","Suesca","Leguminosas","Leguminosas","Arveja","Arveja","2023","2023A","7,00","7,00","8,18","1,17","Transitorio","Grano","1060100","Pisum sativum"
"25","Cundinamarca","25772","Suesca","Leguminosas","Leguminosas","Arveja","Arveja","2023","2023B","6,00","6,00","11,21","1,87","Transitorio","Grano","1060100","Pisum sativum"
"25","Cundinamarca","25772","Suesca","Leguminosas","Leguminosas","Arveja","Arveja","2024","2024A","2,00","2,00","2,00","1,00","Transitorio","Grano","1060100","Pisum sativum"
"25","Cundinamarca","25772","Suesca","Leguminosas","Leguminosas","Arveja","Arveja","2024","2024B","2,00","2,00","0,93","0,46","Transitorio","Grano","1060100","Pisum sativum"
"25","Cundinamarca","25772","Suesca","Cereales","Cereales","Cebada","Cebada","2019","2019A","70,00","70,00","140,00","2,00","Transitorio","En fresco","1010300","Hordeum vulgare"
"25","Cundinamarca","25772","Suesca","Cereales","Cereales","Cebada","Cebada","2019","2019B","100,00","100,00","200,00","2,00","Transitorio","En fresco","1010300","Hordeum vulgare"
"25","Cundinamarca","25772","Suesca","Cereales","Cereales","Cebada","Cebada","2020","2020A","15,00","15,00","52,50","3,50","Transitorio","En fresco","1010300","Hordeum vulgare"
"25","Cundinamarca","25772","Suesca","Cereales","Cereales","Cebada","Cebada","2020","2020B","60,00","60,00","180,00","3,00","Transitorio","En fresco","1010300","Hordeum vulgare"
"25","Cundinamarca","25772","Suesca","Cereales","Cereales","Cebada","Cebada","2021","2021A","12,00","11,00","33,00","3,00","Transitorio","En fresco","1010300","Hordeum vulgare"
"25","Cundinamarca","25772","Suesca","Cereales","Cereales","Cebada","Cebada","2021","2021B","30,00","30,00","90,00","3,00","Transitorio","En fresco","1010300","Hordeum vulgare"
"25","Cundinamarca","25772","Suesca","Cereales","Cereales","Cebada","Cebada","2022","2022A","10,00","9,00","27,00","3,00","Transitorio","En fresco","1010300","Hordeum vulgare"
"25","Cundinamarca","25772","Suesca","Cereales","Cereales","Cebada","Cebada","2022","2022B","25,00","23,00","69,00","3,00","Transitorio","En fresco","1010300","Hordeum vulgare"
"25","Cundinamarca","25772","Suesca","Cereales","Cereales","Cebada","Cebada","2023","2023A","8,00","8,00","24,00","3,00","Transitorio","En fresco","1010300","Hordeum vulgare"
"25","Cundinamarca","25772","Suesca","Cereales","Cereales","Cebada","Cebada","2023","2023B","30,00","30,00","90,00","3,00","Transitorio","En fresco","1010300","Hordeum vulgare"
"25","Cundinamarca","25772","Suesca","Cereales","Cereales","Cebada","Cebada","2024","2024A","10,00","10,00","20,00","2,00","Transitorio","En fresco","1010300","Hordeum vulgare"
"25","Cundinamarca","25772","Suesca","Cereales","Cereales","Cebada","Cebada","2024","2024B","20,00","20,00","40,00","2,00","Transitorio","En fresco","1010300","Hordeum vulgare"
"25","Cundinamarca","25772","Suesca","Frutales","Demás frutales","Fresa","Fresa","2019","2019","6,00","5,00","300,00","60,00","Permanente","En fresco","2042700","Fragaria vesca"
"25","Cundinamarca","25772","Suesca","Frutales","Demás frutales","Fresa","Fresa","2020","2020","6,00","6,00","300,00","50,00","Permanente","En fresco","2042700","Fragaria vesca"
"25","Cundinamarca","25772","Suesca","Frutales","Demás frutales","Fresa","Fresa","2021","2021","13,00","6,00","240,00","40,00","Permanente","En fresco","2042700","Fragaria vesca"
"25","Cundinamarca","25772","Suesca","Frutales","Demás frutales","Fresa","Fresa","2022","2022","14,00","12,00","60,00","5,00","Permanente","En fresco","2042700","Fragaria vesca"
"25","Cundinamarca","25772","Suesca","Frutales","Demás frutales","Fresa","Fresa","2023","2023","15,00","14,00","70,00","5,00","Permanente","En fresco","2042700","Fragaria vesca"
"25","Cundinamarca","25772","Suesca","Frutales","Demás frutales","Fresa","Fresa","2024","2024","12,00","12,00","60,00","5,00","Permanente","En fresco","2042700","Fragaria vesca"
"25","Cundinamarca","25772","Suesca","Frutales","Demás frutales","Mora","Mora","2019","2019","2,00","2,00","36,00","18,00","Permanente","En fresco","2044700","Rubus glaucus Benth."
"25","Cundinamarca","25772","Suesca","Frutales","Demás frutales","Mora","Mora","2020","2020","2,00","2,00","8,00","4,00","Permanente","En fresco","2044700","Rubus glaucus Benth."
"25","Cundinamarca","25772","Suesca","Frutales","Demás frutales","Mora","Mora","2021","2021","4,00","2,00","20,00","10,00","Permanente","En fresco","2044700","Rubus glaucus Benth."
"25","Cundinamarca","25772","Suesca","Frutales","Demás frutales","Mora","Mora","2022","2022","6,00","4,00","8,00","2,00","Permanente","En fresco","2044700","Rubus glaucus Benth."
"25","Cundinamarca","25772","Suesca","Frutales","Demás frutales","Mora","Mora","2023","2023","7,00","6,00","12,00","2,00","Permanente","En fresco","2044700","Rubus glaucus Benth."
"25","Cundinamarca","25772","Suesca","Frutales","Demás frutales","Mora","Mora","2024","2024","6,00","6,00","12,00","2,00","Permanente","En fresco","2044700","Rubus glaucus Benth."
"25","Cundinamarca","25772","Suesca","Raíces y tubérculos","Raíces y tubérculos","Papa","Papa criolla","2019","2019A","35,00","35,00","1.120,00","32,00","Transitorio","En fresco","1080702","Solanum phureja"
"25","Cundinamarca","25772","Suesca","Raíces y tubérculos","Raíces y tubérculos","Papa","Papa criolla","2019","2019B","15,00","15,00","480,00","32,00","Transitorio","En fresco","1080702","Solanum phureja"
"25","Cundinamarca","25772","Suesca","Raíces y tubérculos","Raíces y tubérculos","Papa","Papa criolla","2020","2020A","7,00","7,00","140,00","20,00","Transitorio","En fresco","1080702","Solanum phureja"
"25","Cundinamarca","25772","Suesca","Raíces y tubérculos","Raíces y tubérculos","Papa","Papa criolla","2020","2020B","12,00","12,00","240,00","20,00","Transitorio","En fresco","1080702","Solanum phureja"
"25","Cundinamarca","25772","Suesca","Raíces y tubérculos","Raíces y tubérculos","Papa","Papa criolla","2021","2021A","7,00","7,00","140,00","20,00","Transitorio","En fresco","1080702","Solanum phureja"
"25","Cundinamarca","25772","Suesca","Raíces y tubérculos","Raíces y tubérculos","Papa","Papa criolla","2021","2021B","8,00","8,00","160,00","20,00","Transitorio","En fresco","1080702","Solanum phureja"
"25","Cundinamarca","25772","Suesca","Raíces y tubérculos","Raíces y tubérculos","Papa","Papa criolla","2022","2022A","6,00","5,00","100,00","20,00","Transitorio","En fresco","1080702","Solanum phureja"
"25","Cundinamarca","25772","Suesca","Raíces y tubérculos","Raíces y tubérculos","Papa","Papa criolla","2022","2022B","6,00","6,00","120,00","20,00","Transitorio","En fresco","1080702","Solanum phureja"
"25","Cundinamarca","25772","Suesca","Raíces y tubérculos","Raíces y tubérculos","Papa","Papa criolla","2023","2023A","30,00","30,00","600,00","20,00","Transitorio","En fresco","1080702","Solanum phureja"
"25","Cundinamarca","25772","Suesca","Raíces y tubérculos","Raíces y tubérculos","Papa","Papa criolla","2023","2023B","10,00","10,00","200,00","20,00","Transitorio","En fresco","1080702","Solanum phureja"
"25","Cundinamarca","25772","Suesca","Raíces y tubérculos","Raíces y tubérculos","Papa","Papa criolla","2024","2024A","20,00","20,00","300,00","15,00","Transitorio","En fresco","1080702","Solanum phureja"
"25","Cundinamarca","25772","Suesca","Raíces y tubérculos","Raíces y tubérculos","Papa","Papa criolla","2024","2024B","8,00","8,00","120,00","15,00","Transitorio","En fresco","1080702","Solanum phureja"
"25","Cundinamarca","25772","Suesca","Raíces y tubérculos","Raíces y tubérculos","Papa","Papa todas las variedades","2019","2019A","825,00","825,00","26.400,00","32,00","Transitorio","En fresco","1080701","Solanum tuberosum"
"25","Cundinamarca","25772","Suesca","Raíces y tubérculos","Raíces y tubérculos","Papa","Papa todas las variedades","2019","2019B","650,00","650,00","20.800,00","32,00","Transitorio","En fresco","1080701","Solanum tuberosum"
"25","Cundinamarca","25772","Suesca","Raíces y tubérculos","Raíces y tubérculos","Papa","Papa todas las variedades","2020","2020A","775,00","775,00","23.250,00","30,00","Transitorio","En fresco","1080701","Solanum tuberosum"
"25","Cundinamarca","25772","Suesca","Raíces y tubérculos","Raíces y tubérculos","Papa","Papa todas las variedades","2020","2020B","600,00","600,00","18.000,00","30,00","Transitorio","En fresco","1080701","Solanum tuberosum"
"25","Cundinamarca","25772","Suesca","Raíces y tubérculos","Raíces y tubérculos","Papa","Papa todas las variedades","2021","2021A","730,00","710,00","14.200,00","20,00","Transitorio","En fresco","1080701","Solanum tuberosum"
"25","Cundinamarca","25772","Suesca","Raíces y tubérculos","Raíces y tubérculos","Papa","Papa todas las variedades","2021","2021B","1.000,00","1.000,00","20.000,00","20,00","Transitorio","En fresco","1080701","Solanum tuberosum"
"25","Cundinamarca","25772","Suesca","Raíces y tubérculos","Raíces y tubérculos","Papa","Papa todas las variedades","2022","2022A","600,00","1.000,00","20.000,00","20,00","Transitorio","En fresco","1080701","Solanum tuberosum"
"25","Cundinamarca","25772","Suesca","Raíces y tubérculos","Raíces y tubérculos","Papa","Papa todas las variedades","2022","2022B","800,00","600,00","12.000,00","20,00","Transitorio","En fresco","1080701","Solanum tuberosum"
"25","Cundinamarca","25772","Suesca","Raíces y tubérculos","Raíces y tubérculos","Papa","Papa todas las variedades","2023","2023A","700,00","1.000,00","25.000,00","25,00","Transitorio","En fresco","1080701","Solanum tuberosum"
"25","Cundinamarca","25772","Suesca","Raíces y tubérculos","Raíces y tubérculos","Papa","Papa todas las variedades","2023","2023B","1.000,00","1.000,00","24.000,00","24,00","Transitorio","En fresco","1080701","Solanum tuberosum"
"25","Cundinamarca","25772","Suesca","Raíces y tubérculos","Raíces y tubérculos","Papa","Papa todas las variedades","2024","2024A","600,00","500,00","12.500,00","25,00","Transitorio","En fresco","1080701","Solanum tuberosum"
"25","Cundinamarca","25772","Suesca","Raíces y tubérculos","Raíces y tubérculos","Papa","Papa todas las variedades","2024","2024B","1.000,00","600,00","15.000,00","25,00","Transitorio","En fresco","1080701","Solanum tuberosum"
"25","Cundinamarca","25772","Suesca","Hortalizas","Hortalizas de fruto","Tomate","Tomate invernadero","2019","2019A","1,00","1,00","80,00","80,00","Transitorio","En fresco","1052902","Lycopersicon esculentum"
"25","Cundinamarca","25772","Suesca","Hortalizas","Hortalizas de fruto","Tomate","Tomate invernadero","2019","2019B","1,00","1,00","80,00","80,00","Transitorio","En fresco","1052902","Lycopersicon esculentum"
"25","Cundinamarca","25772","Suesca","Hortalizas","Hortalizas de fruto","Tomate","Tomate invernadero","2020","2020A","1,00","1,00","50,00","50,00","Transitorio","En fresco","1052902","Lycopersicon esculentum"
"25","Cundinamarca","25772","Suesca","Hortalizas","Hortalizas de fruto","Tomate","Tomate invernadero","2020","2020B","1,00","1,00","50,00","50,00","Transitorio","En fresco","1052902","Lycopersicon esculentum"
"25","Cundinamarca","25772","Suesca","Hortalizas","Hortalizas de fruto","Tomate","Tomate invernadero","2021","2021A","1,00","1,00","50,00","50,00","Transitorio","En fresco","1052902","Lycopersicon esculentum"
"25","Cundinamarca","25772","Suesca","Hortalizas","Hortalizas de fruto","Tomate","Tomate invernadero","2021","2021B","1,00","1,00","60,00","60,00","Transitorio","En fresco","1052902","Lycopersicon esculentum"
"25","Cundinamarca","25772","Suesca","Hortalizas","Hortalizas de fruto","Tomate","Tomate invernadero","2022","2022A","1,00","1,00","45,00","45,00","Transitorio","En fresco","1052902","Lycopersicon esculentum"
"25","Cundinamarca","25772","Suesca","Hortalizas","Hortalizas de fruto","Tomate","Tomate invernadero","2022","2022B","1,00","1,00","45,00","45,00","Transitorio","En fresco","1052902","Lycopersicon esculentum"
"25","Cundinamarca","25772","Suesca","Hortalizas","Hortalizas de fruto","Tomate","Tomate invernadero","2023","2023A","3,00","3,00","135,00","45,00","Transitorio","En fresco","1052902","Lycopersicon esculentum"
"25","Cundinamarca","25772","Suesca","Hortalizas","Hortalizas de fruto","Tomate","Tomate invernadero","2023","2023B","1,00","1,00","45,00","45,00","Transitorio","En fresco","1052902","Lycopersicon esculentum"
"25","Cundinamarca","25772","Suesca","Hortalizas","Hortalizas de fruto","Tomate","Tomate invernadero","2024","2024A","1,00","1,00","15,00","15,00","Transitorio","En fresco","1052902","Lycopersicon esculentum"
"25","Cundinamarca","25772","Suesca","Hortalizas","Hortalizas de raíz","Zanahoria","Zanahoria","2024","2024A","2,00","2,00","20,00","10,00","Transitorio","En fresco","1053000","Daucus carota"
"25","Cundinamarca","25772","Suesca","Hortalizas","Hortalizas de raíz","Zanahoria","Zanahoria","2024","2024B","2,00","2,00","20,00","10,00","Transitorio","En fresco","1053000","Daucus carota"
"25","Cundinamarca","25807","Tibirita","Frutales","Demás frutales","Aguacate","Aguacate demás variedades","2019","2019","25,00","12,00","48,00","4,00","Permanente","En fresco","2040299","Persea americana"
"25","Cundinamarca","25807","Tibirita","Frutales","Demás frutales","Aguacate","Aguacate demás variedades","2020","2020","25,00","12,50","75,00","6,00","Permanente","En fresco","2040299","Persea americana"
"25","Cundinamarca","25807","Tibirita","Frutales","Demás frutales","Aguacate","Aguacate demás variedades","2021","2021","25,00","24,00","288,00","12,00","Permanente","En fresco","2040299","Persea americana"
"25","Cundinamarca","25807","Tibirita","Frutales","Demás frutales","Aguacate","Aguacate demás variedades","2022","2022","21,00","19,00","418,00","22,00","Permanente","En fresco","2040299","Persea americana"
"25","Cundinamarca","25807","Tibirita","Frutales","Demás frutales","Aguacate","Aguacate demás variedades","2023","2023","7,00","4,00","88,00","22,00","Permanente","En fresco","2040299","Persea americana"
"25","Cundinamarca","25807","Tibirita","Frutales","Demás frutales","Aguacate","Aguacate demás variedades","2024","2024","5,00","5,00","110,00","22,00","Permanente","En fresco","2040299","Persea americana"
"25","Cundinamarca","25807","Tibirita","Hortalizas","Hortalizas de fruto","Ahuyama","Ahuyama","2019","2019A","5,00","5,00","50,00","10,00","Transitorio","En fresco","1050200","Cucurbita maxima"
"25","Cundinamarca","25807","Tibirita","Hortalizas","Hortalizas de fruto","Ahuyama","Ahuyama","2020","2020A","3,00","3,00","15,00","5,00","Transitorio","En fresco","1050200","Cucurbita maxima"
"25","Cundinamarca","25807","Tibirita","Hortalizas","Hortalizas de fruto","Ahuyama","Ahuyama","2021","2021A","2,00","1,50","15,00","10,00","Transitorio","En fresco","1050200","Cucurbita maxima"
"25","Cundinamarca","25807","Tibirita","Hortalizas","Hortalizas de fruto","Ahuyama","Ahuyama","2022","2022A","2,00","4,00","64,00","16,00","Transitorio","En fresco","1050200","Cucurbita maxima"
"25","Cundinamarca","25807","Tibirita","Hortalizas","Hortalizas de fruto","Ahuyama","Ahuyama","2023","2023A","2,00","2,00","40,00","20,00","Transitorio","En fresco","1050200","Cucurbita maxima"
"25","Cundinamarca","25807","Tibirita","Hortalizas","Hortalizas de fruto","Ahuyama","Ahuyama","2024","2024A","2,00","2,00","40,00","20,00","Transitorio","En fresco","1050200","Cucurbita maxima"
"25","Cundinamarca","25807","Tibirita","Raíces y tubérculos","Raíces y tubérculos","Arracacha","Arracacha","2019","2019A","5,00","5,00","35,00","7,00","Transitorio","En fresco","1080200","Arracacia xanthorrhiza"
"25","Cundinamarca","25807","Tibirita","Raíces y tubérculos","Raíces y tubérculos","Arracacha","Arracacha","2020","2020A","5,00","5,00","35,00","7,00","Transitorio","En fresco","1080200","Arracacia xanthorrhiza"
"25","Cundinamarca","25807","Tibirita","Raíces y tubérculos","Raíces y tubérculos","Arracacha","Arracacha","2021","2021A","6,00","6,00","42,00","7,00","Transitorio","En fresco","1080200","Arracacia xanthorrhiza"
"25","Cundinamarca","25807","Tibirita","Raíces y tubérculos","Raíces y tubérculos","Arracacha","Arracacha","2022","2022A","5,00","6,00","66,00","11,00","Transitorio","En fresco","1080200","Arracacia xanthorrhiza"
"25","Cundinamarca","25807","Tibirita","Raíces y tubérculos","Raíces y tubérculos","Arracacha","Arracacha","2023","2023A","4,00","5,00","95,00","19,00","Transitorio","En fresco","1080200","Arracacia xanthorrhiza"
"25","Cundinamarca","25807","Tibirita","Raíces y tubérculos","Raíces y tubérculos","Arracacha","Arracacha","2024","2024A","3,00","4,00","76,00","19,00","Transitorio","En fresco","1080200","Arracacia xanthorrhiza"
"25","Cundinamarca","25807","Tibirita","Leguminosas","Leguminosas","Arveja","Arveja","2019","2019B","3,50","3,50","12,25","3,50","Transitorio","Grano","1060100","Pisum sativum"
"25","Cundinamarca","25807","Tibirita","Leguminosas","Leguminosas","Arveja","Arveja","2020","2020B","4,00","4,00","7,48","1,87","Transitorio","Grano","1060100","Pisum sativum"
"25","Cundinamarca","25807","Tibirita","Leguminosas","Leguminosas","Arveja","Arveja","2021","2021B","5,00","4,00","6,54","1,64","Transitorio","Grano","1060100","Pisum sativum"
"25","Cundinamarca","25807","Tibirita","Leguminosas","Leguminosas","Arveja","Arveja","2022","2022B","5,00","5,00","9,35","1,87","Transitorio","Grano","1060100","Pisum sativum"
"25","Cundinamarca","25807","Tibirita","Leguminosas","Leguminosas","Arveja","Arveja","2023","2023B","5,00","5,00","9,35","1,87","Transitorio","Grano","1060100","Pisum sativum"
"25","Cundinamarca","25807","Tibirita","Leguminosas","Leguminosas","Arveja","Arveja","2024","2024B","7,00","7,00","13,08","1,87","Transitorio","Grano","1060100","Pisum sativum"
"25","Cundinamarca","25807","Tibirita","Cultivos tropicales tradicionales","Cultivos tropicales tradicionales","Café","Café","2019","2019","166,00","156,00","175,00","1,12","Permanente","Pergamino o seco de trilla","2030300","Coffea arabica"
"25","Cundinamarca","25807","Tibirita","Cultivos tropicales tradicionales","Cultivos tropicales tradicionales","Café","Café","2020","2020","167,00","158,00","164,00","1,04","Permanente","Pergamino o seco de trilla","2030300","Coffea arabica"
"25","Cundinamarca","25807","Tibirita","Cultivos tropicales tradicionales","Cultivos tropicales tradicionales","Café","Café","2021","2021","163,39","142,23","115,21","0,81","Permanente","Pergamino o seco de trilla","2030300","Coffea arabica"
"25","Cundinamarca","25807","Tibirita","Cultivos tropicales tradicionales","Cultivos tropicales tradicionales","Café","Café","2022","2022","168,44","144,25","216,62","1,50","Permanente","Pergamino o seco de trilla","2030300","Coffea arabica"
"25","Cundinamarca","25807","Tibirita","Cultivos tropicales tradicionales","Cultivos tropicales tradicionales","Café","Café","2023","2023","163,68","147,48","217,62","1,48","Permanente","Pergamino o seco de trilla","2030300","Coffea arabica"
"25","Cundinamarca","25807","Tibirita","Cultivos tropicales tradicionales","Cultivos tropicales tradicionales","Café","Café","2024","2024","166,75","148,50","271,76","1,83","Permanente","Pergamino o seco de trilla","2030300","Coffea arabica"
"25","Cundinamarca","25807","Tibirita","Cultivos tropicales tradicionales","Cultivos tropicales tradicionales","Caña","Caña miel","2019","2019","17,00","17,00","1.768,00","104,00","Permanente","Caña o verde","2030403","Saccharum officinarum"
"25","Cundinamarca","25807","Tibirita","Cultivos tropicales tradicionales","Cultivos tropicales tradicionales","Caña","Caña miel","2020","2020","17,50","17,50","700,00","40,00","Permanente","Caña o verde","2030403","Saccharum officinarum"
"25","Cundinamarca","25807","Tibirita","Cultivos tropicales tradicionales","Cultivos tropicales tradicionales","Caña","Caña miel","2021","2021","17,50","13,50","1.296,00","96,00","Permanente","Caña o verde","2030403","Saccharum officinarum"
"25","Cundinamarca","25807","Tibirita","Cultivos tropicales tradicionales","Cultivos tropicales tradicionales","Caña","Caña miel","2022","2022","19,50","14,50","1.160,00","80,00","Permanente","Caña o verde","2030403","Saccharum officinarum"
"25","Cundinamarca","25807","Tibirita","Cultivos tropicales tradicionales","Cultivos tropicales tradicionales","Caña","Caña miel","2023","2023","16,50","16,50","990,00","60,00","Permanente","Caña o verde","2030403","Saccharum officinarum"
"25","Cundinamarca","25807","Tibirita","Cultivos tropicales tradicionales","Cultivos tropicales tradicionales","Caña","Caña miel","2024","2024","9,50","9,50","456,00","48,00","Permanente","Caña o verde","2030403","Saccharum officinarum"
"25","Cundinamarca","25807","Tibirita","Frutales","Caducifolios","Durazno o albaricoque","Durazno o albaricoque","2019","2019","2,00","1,00","5,00","5,00","Permanente","En fresco","2042400","Prunus persica L."
"25","Cundinamarca","25807","Tibirita","Frutales","Caducifolios","Durazno o albaricoque","Durazno o albaricoque","2020","2020","2,00","1,00","5,00","5,00","Permanente","En fresco","2042400","Prunus persica L."
"25","Cundinamarca","25807","Tibirita","Frutales","Caducifolios","Durazno o albaricoque","Durazno o albaricoque","2021","2021","2,00","0,00","0,00","0,00","Permanente","En fresco","2042400","Prunus persica L."
"25","Cundinamarca","25807","Tibirita","Frutales","Caducifolios","Durazno o albaricoque","Durazno o albaricoque","2022","2022","2,00","1,50","45,00","30,00","Permanente","En fresco","2042400","Prunus persica L."
"25","Cundinamarca","25807","Tibirita","Frutales","Caducifolios","Durazno o albaricoque","Durazno o albaricoque","2023","2023","1,00","0,50","12,50","25,00","Permanente","En fresco","2042400","Prunus persica L."
"25","Cundinamarca","25807","Tibirita","Frutales","Caducifolios","Durazno o albaricoque","Durazno o albaricoque","2024","2024","1,00","1,00","25,00","25,00","Permanente","En fresco","2042400","Prunus persica L."
"25","Cundinamarca","25807","Tibirita","Frutales","Demás frutales","Frambuesa","Frambuesa","2019","2019","2,20","2,00","8,00","4,00","Permanente","En fresco","2042600","Rubus idaeus"
"25","Cundinamarca","25807","Tibirita","Frutales","Demás frutales","Frambuesa","Frambuesa","2020","2020","2,20","2,20","11,00","5,00","Permanente","En fresco","2042600","Rubus idaeus"
"25","Cundinamarca","25807","Tibirita","Frutales","Demás frutales","Frambuesa","Frambuesa","2021","2021","2,20","1,20","4,80","4,00","Permanente","En fresco","2042600","Rubus idaeus"
"25","Cundinamarca","25807","Tibirita","Frutales","Demás frutales","Frambuesa","Frambuesa","2022","2022","4,20","1,20","9,60","8,00","Permanente","En fresco","2042600","Rubus idaeus"
"25","Cundinamarca","25807","Tibirita","Frutales","Demás frutales","Frambuesa","Frambuesa","2023","2023","3,70","3,70","25,90","7,00","Permanente","En fresco","2042600","Rubus idaeus"
"25","Cundinamarca","25807","Tibirita","Frutales","Demás frutales","Frambuesa","Frambuesa","2024","2024","5,20","3,70","25,90","7,00","Permanente","En fresco","2042600","Rubus idaeus"
"25","Cundinamarca","25807","Tibirita","Leguminosas","Leguminosas","Frijol","Frijol","2019","2019A","52,00","52,00","260,00","5,00","Transitorio","Grano seco","1060200","Phaseolus vulgaris"
"25","Cundinamarca","25807","Tibirita","Leguminosas","Leguminosas","Frijol","Frijol","2020","2020A","60,00","60,00","293,71","4,90","Transitorio","Grano seco","1060200","Phaseolus vulgaris"
"25","Cundinamarca","25807","Tibirita","Leguminosas","Leguminosas","Frijol","Frijol","2021","2021A","70,00","60,00","120,00","2,00","Transitorio","Grano seco","1060200","Phaseolus vulgaris"
"25","Cundinamarca","25807","Tibirita","Leguminosas","Leguminosas","Frijol","Frijol","2022","2022A","60,00","60,00","209,79","3,50","Transitorio","Grano seco","1060200","Phaseolus vulgaris"
"25","Cundinamarca","25807","Tibirita","Leguminosas","Leguminosas","Frijol","Frijol","2023","2023A","66,00","66,00","184,62","2,80","Transitorio","Grano seco","1060200","Phaseolus vulgaris"
"25","Cundinamarca","25807","Tibirita","Leguminosas","Leguminosas","Frijol","Frijol","2024","2024A","68,00","0,00","0,00","0,00","Transitorio","Grano seco","1060200","Phaseolus vulgaris"
"25","Cundinamarca","25807","Tibirita","Leguminosas","Leguminosas","Garbanzo","Garbanzo","2019","2019B","2,00","2,00","6,00","3,00","Transitorio","Grano seco","1060300","Cicer arietinum"
"25","Cundinamarca","25807","Tibirita","Leguminosas","Leguminosas","Garbanzo","Garbanzo","2020","2020B","2,00","2,00","6,00","3,00","Transitorio","Grano seco","1060300","Cicer arietinum"
"25","Cundinamarca","25807","Tibirita","Leguminosas","Leguminosas","Garbanzo","Garbanzo","2021","2021B","1,00","1,00","1,40","1,40","Transitorio","Grano seco","1060300","Cicer arietinum"
"25","Cundinamarca","25807","Tibirita","Leguminosas","Leguminosas","Garbanzo","Garbanzo","2022","2022B","1,00","1,00","2,10","2,10","Transitorio","Grano seco","1060300","Cicer arietinum"
"25","Cundinamarca","25807","Tibirita","Leguminosas","Leguminosas","Garbanzo","Garbanzo","2023","2023B","2,00","2,00","3,50","1,75","Transitorio","Grano seco","1060300","Cicer arietinum"
"25","Cundinamarca","25807","Tibirita","Leguminosas","Leguminosas","Garbanzo","Garbanzo","2024","2024B","1,00","1,00","2,50","2,50","Transitorio","Grano seco","1060300","Cicer arietinum"
"25","Cundinamarca","25807","Tibirita","Frutales","Cítricos","Limón","Limón Tahití","2023","2023","8,00","0,00","0,00","0,00","Permanente","En fresco","2043603","Citrus limon"
"25","Cundinamarca","25807","Tibirita","Frutales","Cítricos","Limón","Limón Tahití","2024","2024","10,00","0,00","0,00","0,00","Permanente","En fresco","2043603","Citrus limon"
"25","Cundinamarca","25807","Tibirita","Frutales","Solanáceas","Lulo","Lulo","2019","2019","8,00","8,00","80,00","10,00","Permanente","En fresco","2043700","Solanum quitoense"
"25","Cundinamarca","25807","Tibirita","Frutales","Solanáceas","Lulo","Lulo","2020","2020","8,00","8,00","80,00","10,00","Permanente","En fresco","2043700","Solanum quitoense"
"25","Cundinamarca","25807","Tibirita","Frutales","Solanáceas","Lulo","Lulo","2021","2021","7,00","5,00","50,00","10,00","Permanente","En fresco","2043700","Solanum quitoense"
"25","Cundinamarca","25807","Tibirita","Frutales","Solanáceas","Lulo","Lulo","2022","2022","8,00","6,00","54,00","9,00","Permanente","En fresco","2043700","Solanum quitoense"
"25","Cundinamarca","25807","Tibirita","Frutales","Solanáceas","Lulo","Lulo","2023","2023","8,00","8,00","72,00","9,00","Permanente","En fresco","2043700","Solanum quitoense"
"25","Cundinamarca","25807","Tibirita","Frutales","Solanáceas","Lulo","Lulo","2024","2024","7,50","7,50","67,50","9,00","Permanente","En fresco","2043700","Solanum quitoense"
"25","Cundinamarca","25807","Tibirita","Cereales","Cereales","Maíz","Maíz amarillo tecnificado","2021","2021A","6,00","5,00","4,00","0,80","Transitorio","Grano seco","1010401","Zea mays"
"25","Cundinamarca","25807","Tibirita","Cereales","Cereales","Maíz","Maíz amarillo tecnificado","2022","2022A","7,00","5,00","5,59","1,12","Transitorio","Grano seco","1010401","Zea mays"
"25","Cundinamarca","25807","Tibirita","Cereales","Cereales","Maíz","Maíz amarillo tecnificado","2023","2023A","7,00","7,00","5,87","0,84","Transitorio","Grano seco","1010401","Zea mays"
"25","Cundinamarca","25807","Tibirita","Cereales","Cereales","Maíz","Maíz amarillo tecnificado","2024","2024A","8,00","0,00","0,00","0,00","Transitorio","Grano seco","1010401","Zea mays"
"25","Cundinamarca","25807","Tibirita","Cereales","Cereales","Maíz","Maíz amarillo tecnificado","2024","2024B","0,00","8,00","6,71","0,84","Transitorio","Grano seco","1010401","Zea mays"
"25","Cundinamarca","25807","Tibirita","Cereales","Cereales","Maíz","Maíz blanco tecnificado","2021","2021A","2,00","1,00","1,00","1,00","Transitorio","Grano seco","1010403","Zea mays"
"25","Cundinamarca","25807","Tibirita","Cereales","Cereales","Maíz","Maíz blanco tecnificado","2022","2022A","2,00","2,00","2,24","1,12","Transitorio","Grano seco","1010403","Zea mays"
"25","Cundinamarca","25807","Tibirita","Cereales","Cereales","Maíz","Maíz blanco tecnificado","2023","2023A","2,00","2,00","1,68","0,84","Transitorio","Grano seco","1010403","Zea mays"
"25","Cundinamarca","25807","Tibirita","Cereales","Cereales","Maíz","Maíz blanco tecnificado","2024","2024A","2,00","0,00","0,00","0,00","Transitorio","Grano seco","1010403","Zea mays"
"25","Cundinamarca","25807","Tibirita","Cereales","Cereales","Maíz","Maíz blanco tecnificado","2024","2024B","0,00","2,00","1,68","0,84","Transitorio","Grano seco","1010403","Zea mays"
"25","Cundinamarca","25807","Tibirita","Cereales","Cereales","Maíz","Maíz tecnificado","2019","2019A","25,00","25,00","75,00","3,00","Transitorio","En fresco","1010498","Zea mays"
"25","Cundinamarca","25807","Tibirita","Cereales","Cereales","Maíz","Maíz tecnificado","2020","2020A","10,00","10,00","20,00","2,00","Transitorio","En fresco","1010498","Zea mays"
"25","Cundinamarca","25807","Tibirita","Frutales","Demás frutales","Mora","Mora","2019","2019","3,00","2,50","2,50","1,00","Permanente","En fresco","2044700","Rubus glaucus Benth."
"25","Cundinamarca","25807","Tibirita","Frutales","Demás frutales","Mora","Mora","2020","2020","3,00","3,00","3,00","1,00","Permanente","En fresco","2044700","Rubus glaucus Benth."
"25","Cundinamarca","25807","Tibirita","Frutales","Demás frutales","Mora","Mora","2021","2021","3,00","0,00","0,00","0,00","Permanente","En fresco","2044700","Rubus glaucus Benth."
"25","Cundinamarca","25807","Tibirita","Frutales","Demás frutales","Mora","Mora","2022","2022","5,00","2,00","32,00","16,00","Permanente","En fresco","2044700","Rubus glaucus Benth."
"25","Cundinamarca","25807","Tibirita","Frutales","Demás frutales","Mora","Mora","2023","2023","5,00","5,00","85,00","17,00","Permanente","En fresco","2044700","Rubus glaucus Benth."
"25","Cundinamarca","25807","Tibirita","Frutales","Demás frutales","Mora","Mora","2024","2024","6,00","5,00","85,00","17,00","Permanente","En fresco","2044700","Rubus glaucus Benth."
"25","Cundinamarca","25807","Tibirita","Raíces y tubérculos","Raíces y tubérculos","Papa","Papa todas las variedades","2019","2019B","201,00","201,00","3.618,00","18,00","Transitorio","En fresco","1080701","Solanum tuberosum"
"25","Cundinamarca","25807","Tibirita","Raíces y tubérculos","Raíces y tubérculos","Papa","Papa todas las variedades","2020","2020B","250,00","201,00","3.618,00","18,00","Transitorio","En fresco","1080701","Solanum tuberosum"
"25","Cundinamarca","25807","Tibirita","Raíces y tubérculos","Raíces y tubérculos","Papa","Papa todas las variedades","2021","2021B","300,00","280,00","3.986,00","14,24","Transitorio","En fresco","1080701","Solanum tuberosum"
"25","Cundinamarca","25807","Tibirita","Raíces y tubérculos","Raíces y tubérculos","Papa","Papa todas las variedades","2022","2022B","300,00","300,00","3.000,00","10,00","Transitorio","En fresco","1080701","Solanum tuberosum"
"25","Cundinamarca","25807","Tibirita","Raíces y tubérculos","Raíces y tubérculos","Papa","Papa todas las variedades","2023","2023B","400,00","400,00","8.000,00","20,00","Transitorio","En fresco","1080701","Solanum tuberosum"
"25","Cundinamarca","25807","Tibirita","Raíces y tubérculos","Raíces y tubérculos","Papa","Papa todas las variedades","2024","2024B","450,00","0,00","0,00","0,00","Transitorio","En fresco","1080701","Solanum tuberosum"
"25","Cundinamarca","25807","Tibirita","Hortalizas","Hortalizas de fruto","Tomate","Tomate","2019","2019A","5,00","5,00","50,00","10,00","Transitorio","En fresco","1052901","Lycopersicon esculentum"
"25","Cundinamarca","25807","Tibirita","Hortalizas","Hortalizas de fruto","Tomate","Tomate","2020","2020A","5,00","5,00","50,00","10,00","Transitorio","En fresco","1052901","Lycopersicon esculentum"
"25","Cundinamarca","25807","Tibirita","Hortalizas","Hortalizas de fruto","Tomate","Tomate","2021","2021A","6,00","6,00","60,00","10,00","Transitorio","En fresco","1052901","Lycopersicon esculentum"
"25","Cundinamarca","25807","Tibirita","Hortalizas","Hortalizas de fruto","Tomate","Tomate","2022","2022A","6,00","4,00","332,00","83,00","Transitorio","En fresco","1052901","Lycopersicon esculentum"
"25","Cundinamarca","25807","Tibirita","Hortalizas","Hortalizas de fruto","Tomate","Tomate","2023","2023A","4,00","4,00","220,00","55,00","Transitorio","En fresco","1052901","Lycopersicon esculentum"
"25","Cundinamarca","25807","Tibirita","Hortalizas","Hortalizas de fruto","Tomate","Tomate","2024","2024A","5,00","0,00","0,00","0,00","Transitorio","En fresco","1052901","Lycopersicon esculentum"
"25","Cundinamarca","25807","Tibirita","Hortalizas","Hortalizas de fruto","Tomate","Tomate","2024","2024B","0,00","5,00","275,00","55,00","Transitorio","En fresco","1052901","Lycopersicon esculentum"
"25","Cundinamarca","25807","Tibirita","Frutales","Solanáceas","Tomate de árbol","Tomate de árbol","2019","2019","1,00","1,00","3,00","3,00","Permanente","En fresco","2046300","Solanum betaceum"
"25","Cundinamarca","25807","Tibirita","Frutales","Solanáceas","Tomate de árbol","Tomate de árbol","2020","2020","1,00","1,00","4,00","4,00","Permanente","En fresco","2046300","Solanum betaceum"
"25","Cundinamarca","25807","Tibirita","Frutales","Solanáceas","Tomate de árbol","Tomate de árbol","2021","2021","1,00","0,00","0,00","0,00","Permanente","En fresco","2046300","Solanum betaceum"
"25","Cundinamarca","25807","Tibirita","Frutales","Solanáceas","Tomate de árbol","Tomate de árbol","2022","2022","2,00","0,00","0,00","0,00","Permanente","En fresco","2046300","Solanum betaceum"
"25","Cundinamarca","25807","Tibirita","Frutales","Solanáceas","Tomate de árbol","Tomate de árbol","2023","2023","2,00","2,00","34,00","17,00","Permanente","En fresco","2046300","Solanum betaceum"
"25","Cundinamarca","25807","Tibirita","Frutales","Solanáceas","Tomate de árbol","Tomate de árbol","2024","2024","1,70","1,70","28,90","17,00","Permanente","En fresco","2046300","Solanum betaceum"
"25","Cundinamarca","25807","Tibirita","Raíces y tubérculos","Raíces y tubérculos","Yuca","Yuca consumo en fresco","2019","2019A","4,00","4,00","28,00","7,00","Transitorio","En fresco","1081001","Manihot esculenta"
"25","Cundinamarca","25807","Tibirita","Raíces y tubérculos","Raíces y tubérculos","Yuca","Yuca consumo en fresco","2020","2020A","3,00","3,00","18,00","6,00","Transitorio","En fresco","1081001","Manihot esculenta"
"25","Cundinamarca","25807","Tibirita","Raíces y tubérculos","Raíces y tubérculos","Yuca","Yuca consumo en fresco","2021","2021A","2,00","1,00","5,00","5,00","Transitorio","En fresco","1081001","Manihot esculenta"
"25","Cundinamarca","25807","Tibirita","Raíces y tubérculos","Raíces y tubérculos","Yuca","Yuca consumo en fresco","2022","2022A","2,00","2,00","50,00","25,00","Transitorio","En fresco","1081001","Manihot esculenta"
"25","Cundinamarca","25807","Tibirita","Raíces y tubérculos","Raíces y tubérculos","Yuca","Yuca consumo en fresco","2023","2023A","2,00","2,00","40,00","20,00","Transitorio","En fresco","1081001","Manihot esculenta"
"25","Cundinamarca","25807","Tibirita","Raíces y tubérculos","Raíces y tubérculos","Yuca","Yuca consumo en fresco","2024","2024A","2,00","2,00","40,00","20,00","Transitorio","En fresco","1081001","Manihot esculenta"
"25","Cundinamarca","25873","Villapinzón","Leguminosas","Leguminosas","Arveja","Arveja","2019","2019A","100,00","100,00","130,00","1,30","Transitorio","Grano","1060100","Pisum sativum"
"25","Cundinamarca","25873","Villapinzón","Leguminosas","Leguminosas","Arveja","Arveja","2020","2020A","110,00","110,00","154,21","1,40","Transitorio","Grano","1060100","Pisum sativum"
"25","Cundinamarca","25873","Villapinzón","Leguminosas","Leguminosas","Arveja","Arveja","2021","2021A","40,00","38,00","71,03","1,87","Transitorio","Grano","1060100","Pisum sativum"
"25","Cundinamarca","25873","Villapinzón","Leguminosas","Leguminosas","Arveja","Arveja","2021","2021B","100,00","100,00","309,35","3,09","Transitorio","Grano","1060100","Pisum sativum"
"25","Cundinamarca","25873","Villapinzón","Leguminosas","Leguminosas","Arveja","Arveja","2022","2022A","36,00","36,00","50,47","1,40","Transitorio","Grano","1060100","Pisum sativum"
"25","Cundinamarca","25873","Villapinzón","Leguminosas","Leguminosas","Arveja","Arveja","2022","2022B","110,00","100,00","140,19","1,40","Transitorio","Grano","1060100","Pisum sativum"
"25","Cundinamarca","25873","Villapinzón","Leguminosas","Leguminosas","Arveja","Arveja","2023","2023A","35,00","35,00","49,07","1,40","Transitorio","Grano","1060100","Pisum sativum"
"25","Cundinamarca","25873","Villapinzón","Leguminosas","Leguminosas","Arveja","Arveja","2023","2023B","120,00","120,00","168,22","1,40","Transitorio","Grano","1060100","Pisum sativum"
"25","Cundinamarca","25873","Villapinzón","Leguminosas","Leguminosas","Arveja","Arveja","2024","2024A","35,00","35,00","49,07","1,40","Transitorio","Grano","1060100","Pisum sativum"
"25","Cundinamarca","25873","Villapinzón","Leguminosas","Leguminosas","Arveja","Arveja","2024","2024B","150,00","150,00","210,28","1,40","Transitorio","Grano","1060100","Pisum sativum"
"25","Cundinamarca","25873","Villapinzón","Frutales","Demás frutales","Fresa","Fresa","2019","2019","57,00","24,00","168,00","7,00","Permanente","En fresco","2042700","Fragaria vesca"
"25","Cundinamarca","25873","Villapinzón","Frutales","Demás frutales","Fresa","Fresa","2020","2020","57,00","57,00","570,00","10,00","Permanente","En fresco","2042700","Fragaria vesca"
"25","Cundinamarca","25873","Villapinzón","Frutales","Demás frutales","Fresa","Fresa","2021","2021","57,00","57,00","1.140,00","20,00","Permanente","En fresco","2042700","Fragaria vesca"
"25","Cundinamarca","25873","Villapinzón","Frutales","Demás frutales","Fresa","Fresa","2022","2022","56,00","56,00","1.120,00","20,00","Permanente","En fresco","2042700","Fragaria vesca"
"25","Cundinamarca","25873","Villapinzón","Frutales","Demás frutales","Fresa","Fresa","2023","2023","56,00","51,00","1.020,00","20,00","Permanente","En fresco","2042700","Fragaria vesca"
"25","Cundinamarca","25873","Villapinzón","Frutales","Demás frutales","Fresa","Fresa","2024","2024","58,00","56,00","1.120,00","20,00","Permanente","En fresco","2042700","Fragaria vesca"
"25","Cundinamarca","25873","Villapinzón","Cereales","Cereales","Maíz","Maíz amarillo tradicional","2021","2021A","45,00","45,00","40,27","0,89","Transitorio","Grano seco","1010402","Zea mays"
"25","Cundinamarca","25873","Villapinzón","Cereales","Cereales","Maíz","Maíz amarillo tradicional","2022","2022A","37,00","0,00","0,00","0,00","Transitorio","Grano seco","1010402","Zea mays"
"25","Cundinamarca","25873","Villapinzón","Cereales","Cereales","Maíz","Maíz amarillo tradicional","2022","2022B","0,00","37,00","74,00","2,00","Transitorio","Grano seco","1010402","Zea mays"
"25","Cundinamarca","25873","Villapinzón","Cereales","Cereales","Maíz","Maíz amarillo tradicional","2023","2023A","50,00","0,00","0,00","0,00","Transitorio","Grano seco","1010402","Zea mays"
"25","Cundinamarca","25873","Villapinzón","Cereales","Cereales","Maíz","Maíz amarillo tradicional","2023","2023B","0,00","50,00","100,00","2,00","Transitorio","Grano seco","1010402","Zea mays"
"25","Cundinamarca","25873","Villapinzón","Cereales","Cereales","Maíz","Maíz amarillo tradicional","2024","2024A","70,00","0,00","0,00","0,00","Transitorio","Grano seco","1010402","Zea mays"
"25","Cundinamarca","25873","Villapinzón","Cereales","Cereales","Maíz","Maíz amarillo tradicional","2024","2024B","0,00","14,00","28,00","2,00","Transitorio","Grano seco","1010402","Zea mays"
"25","Cundinamarca","25873","Villapinzón","Cereales","Cereales","Maíz","Maíz blanco tradicional","2021","2021A","19,00","18,00","18,63","1,03","Transitorio","Grano seco","1010404","Zea mays"
"25","Cundinamarca","25873","Villapinzón","Cereales","Cereales","Maíz","Maíz blanco tradicional","2022","2022A","8,00","0,00","0,00","0,00","Transitorio","Grano seco","1010404","Zea mays"
"25","Cundinamarca","25873","Villapinzón","Cereales","Cereales","Maíz","Maíz blanco tradicional","2022","2022B","0,00","8,00","16,00","2,00","Transitorio","Grano seco","1010404","Zea mays"
"25","Cundinamarca","25873","Villapinzón","Cereales","Cereales","Maíz","Maíz blanco tradicional","2023","2023A","10,00","0,00","0,00","0,00","Transitorio","Grano seco","1010404","Zea mays"
"25","Cundinamarca","25873","Villapinzón","Cereales","Cereales","Maíz","Maíz blanco tradicional","2023","2023B","0,00","10,00","20,00","2,00","Transitorio","Grano seco","1010404","Zea mays"
"25","Cundinamarca","25873","Villapinzón","Cereales","Cereales","Maíz","Maíz blanco tradicional","2024","2024A","20,00","0,00","0,00","0,00","Transitorio","Grano seco","1010404","Zea mays"
"25","Cundinamarca","25873","Villapinzón","Cereales","Cereales","Maíz","Maíz blanco tradicional","2024","2024B","0,00","20,00","40,00","2,00","Transitorio","Grano seco","1010404","Zea mays"
"25","Cundinamarca","25873","Villapinzón","Cereales","Cereales","Maíz","Maíz tradicional","2019","2019A","20,00","12,00","192,00","16,00","Transitorio","En fresco","1010497","Zea mays"
"25","Cundinamarca","25873","Villapinzón","Cereales","Cereales","Maíz","Maíz tradicional","2020","2020A","60,00","60,00","90,00","1,50","Transitorio","En fresco","1010497","Zea mays"
"25","Cundinamarca","25873","Villapinzón","Frutales","Demás frutales","Mora","Mora","2019","2019","30,00","18,00","270,00","15,00","Permanente","En fresco","2044700","Rubus glaucus Benth."
"25","Cundinamarca","25873","Villapinzón","Frutales","Demás frutales","Mora","Mora","2020","2020","30,00","30,00","450,00","15,00","Permanente","En fresco","2044700","Rubus glaucus Benth."
"25","Cundinamarca","25873","Villapinzón","Frutales","Demás frutales","Mora","Mora","2021","2021","30,00","30,00","450,00","15,00","Permanente","En fresco","2044700","Rubus glaucus Benth."
"25","Cundinamarca","25873","Villapinzón","Frutales","Demás frutales","Mora","Mora","2022","2022","30,00","30,00","450,00","15,00","Permanente","En fresco","2044700","Rubus glaucus Benth."
"25","Cundinamarca","25873","Villapinzón","Frutales","Demás frutales","Mora","Mora","2023","2023","30,00","30,00","450,00","15,00","Permanente","En fresco","2044700","Rubus glaucus Benth."
"25","Cundinamarca","25873","Villapinzón","Frutales","Demás frutales","Mora","Mora","2024","2024","30,00","30,00","450,00","15,00","Permanente","En fresco","2044700","Rubus glaucus Benth."
"25","Cundinamarca","25873","Villapinzón","Raíces y tubérculos","Raíces y tubérculos","Papa","Papa criolla","2019","2019A","11,00","11,00","187,00","17,00","Transitorio","En fresco","1080702","Solanum phureja"
"25","Cundinamarca","25873","Villapinzón","Raíces y tubérculos","Raíces y tubérculos","Papa","Papa criolla","2019","2019B","42,00","38,00","646,00","17,00","Transitorio","En fresco","1080702","Solanum phureja"
"25","Cundinamarca","25873","Villapinzón","Raíces y tubérculos","Raíces y tubérculos","Papa","Papa criolla","2020","2020A","60,00","60,00","1.080,00","18,00","Transitorio","En fresco","1080702","Solanum phureja"
"25","Cundinamarca","25873","Villapinzón","Raíces y tubérculos","Raíces y tubérculos","Papa","Papa criolla","2020","2020B","40,00","40,00","800,00","20,00","Transitorio","En fresco","1080702","Solanum phureja"
"25","Cundinamarca","25873","Villapinzón","Raíces y tubérculos","Raíces y tubérculos","Papa","Papa criolla","2021","2021A","23,40","22,00","396,00","18,00","Transitorio","En fresco","1080702","Solanum phureja"
"25","Cundinamarca","25873","Villapinzón","Raíces y tubérculos","Raíces y tubérculos","Papa","Papa criolla","2021","2021B","21,00","14,70","178,45","12,14","Transitorio","En fresco","1080702","Solanum phureja"
"25","Cundinamarca","25873","Villapinzón","Raíces y tubérculos","Raíces y tubérculos","Papa","Papa criolla","2022","2022A","15,30","15,00","180,00","12,00","Transitorio","En fresco","1080702","Solanum phureja"
"25","Cundinamarca","25873","Villapinzón","Raíces y tubérculos","Raíces y tubérculos","Papa","Papa criolla","2022","2022B","18,00","18,00","252,00","14,00","Transitorio","En fresco","1080702","Solanum phureja"
"25","Cundinamarca","25873","Villapinzón","Raíces y tubérculos","Raíces y tubérculos","Papa","Papa criolla","2023","2023A","19,10","16,20","275,40","17,00","Transitorio","En fresco","1080702","Solanum phureja"
"25","Cundinamarca","25873","Villapinzón","Raíces y tubérculos","Raíces y tubérculos","Papa","Papa criolla","2023","2023B","35,00","35,00","630,00","18,00","Transitorio","En fresco","1080702","Solanum phureja"
"25","Cundinamarca","25873","Villapinzón","Raíces y tubérculos","Raíces y tubérculos","Papa","Papa criolla","2024","2024A","20,00","20,00","340,00","17,00","Transitorio","En fresco","1080702","Solanum phureja"
"25","Cundinamarca","25873","Villapinzón","Raíces y tubérculos","Raíces y tubérculos","Papa","Papa criolla","2024","2024B","40,00","40,00","720,00","18,00","Transitorio","En fresco","1080702","Solanum phureja"
"25","Cundinamarca","25873","Villapinzón","Raíces y tubérculos","Raíces y tubérculos","Papa","Papa todas las variedades","2019","2019A","5.300,00","5.130,00","143.640,00","28,00","Transitorio","En fresco","1080701","Solanum tuberosum"
"25","Cundinamarca","25873","Villapinzón","Raíces y tubérculos","Raíces y tubérculos","Papa","Papa todas las variedades","2019","2019B","6.000,00","5.900,00","165.200,00","28,00","Transitorio","En fresco","1080701","Solanum tuberosum"
"25","Cundinamarca","25873","Villapinzón","Raíces y tubérculos","Raíces y tubérculos","Papa","Papa todas las variedades","2020","2020A","5.700,00","5.700,00","159.600,00","28,00","Transitorio","En fresco","1080701","Solanum tuberosum"
"25","Cundinamarca","25873","Villapinzón","Raíces y tubérculos","Raíces y tubérculos","Papa","Papa todas las variedades","2020","2020B","6.000,00","6.000,00","180.000,00","30,00","Transitorio","En fresco","1080701","Solanum tuberosum"
"25","Cundinamarca","25873","Villapinzón","Raíces y tubérculos","Raíces y tubérculos","Papa","Papa todas las variedades","2021","2021A","5.250,00","5.155,00","128.359,50","24,90","Transitorio","En fresco","1080701","Solanum tuberosum"
"25","Cundinamarca","25873","Villapinzón","Raíces y tubérculos","Raíces y tubérculos","Papa","Papa todas las variedades","2021","2021B","5.637,00","5.509,00","137.614,82","24,98","Transitorio","En fresco","1080701","Solanum tuberosum"
"25","Cundinamarca","25873","Villapinzón","Raíces y tubérculos","Raíces y tubérculos","Papa","Papa todas las variedades","2022","2022A","8.000,00","4.853,00","121.325,00","25,00","Transitorio","En fresco","1080701","Solanum tuberosum"
"25","Cundinamarca","25873","Villapinzón","Raíces y tubérculos","Raíces y tubérculos","Papa","Papa todas las variedades","2022","2022B","5.400,00","6.960,00","174.000,00","25,00","Transitorio","En fresco","1080701","Solanum tuberosum"
"25","Cundinamarca","25873","Villapinzón","Raíces y tubérculos","Raíces y tubérculos","Papa","Papa todas las variedades","2023","2023A","9.000,00","5.400,00","135.000,00","25,00","Transitorio","En fresco","1080701","Solanum tuberosum"
"25","Cundinamarca","25873","Villapinzón","Raíces y tubérculos","Raíces y tubérculos","Papa","Papa todas las variedades","2023","2023B","6.000,00","6.840,00","171.000,00","25,00","Transitorio","En fresco","1080701","Solanum tuberosum"
"25","Cundinamarca","25873","Villapinzón","Raíces y tubérculos","Raíces y tubérculos","Papa","Papa todas las variedades","2024","2024A","10.000,00","6.000,00","174.000,00","29,00","Transitorio","En fresco","1080701","Solanum tuberosum"
"25","Cundinamarca","25873","Villapinzón","Raíces y tubérculos","Raíces y tubérculos","Papa","Papa todas las variedades","2024","2024B","6.500,00","10.000,00","290.000,00","29,00","Transitorio","En fresco","1080701","Solanum tuberosum"
"25","Cundinamarca","25873","Villapinzón","Frutales","Solanáceas","Tomate de árbol","Tomate de árbol","2019","2019","45,00","23,00","460,00","20,00","Permanente","En fresco","2046300","Solanum betaceum"
"25","Cundinamarca","25873","Villapinzón","Frutales","Solanáceas","Tomate de árbol","Tomate de árbol","2020","2020","45,00","45,00","900,00","20,00","Permanente","En fresco","2046300","Solanum betaceum"
"25","Cundinamarca","25873","Villapinzón","Frutales","Solanáceas","Tomate de árbol","Tomate de árbol","2021","2021","45,00","45,00","900,00","20,00","Permanente","En fresco","2046300","Solanum betaceum"
"25","Cundinamarca","25873","Villapinzón","Frutales","Solanáceas","Tomate de árbol","Tomate de árbol","2022","2022","45,00","45,00","900,00","20,00","Permanente","En fresco","2046300","Solanum betaceum"
"25","Cundinamarca","25873","Villapinzón","Frutales","Solanáceas","Tomate de árbol","Tomate de árbol","2023","2023","45,00","45,00","900,00","20,00","Permanente","En fresco","2046300","Solanum betaceum"
"25","Cundinamarca","25873","Villapinzón","Frutales","Solanáceas","Tomate de árbol","Tomate de árbol","2024","2024","48,00","45,00","900,00","20,00","Permanente","En fresco","2046300","Solanum betaceum"
"25","Cundinamarca","25873","Villapinzón","Hortalizas","Hortalizas de raíz","Zanahoria","Zanahoria","2019","2019A","18,00","18,00","468,00","26,00","Transitorio","En fresco","1053000","Daucus carota"
"25","Cundinamarca","25873","Villapinzón","Hortalizas","Hortalizas de raíz","Zanahoria","Zanahoria","2019","2019B","105,00","105,00","2.940,00","28,00","Transitorio","En fresco","1053000","Daucus carota"
"25","Cundinamarca","25873","Villapinzón","Hortalizas","Hortalizas de raíz","Zanahoria","Zanahoria","2020","2020A","10,00","10,00","260,00","26,00","Transitorio","En fresco","1053000","Daucus carota"
"25","Cundinamarca","25873","Villapinzón","Hortalizas","Hortalizas de raíz","Zanahoria","Zanahoria","2020","2020B","50,00","50,00","2.000,00","40,00","Transitorio","En fresco","1053000","Daucus carota"
"25","Cundinamarca","25873","Villapinzón","Hortalizas","Hortalizas de raíz","Zanahoria","Zanahoria","2021","2021A","10,00","10,00","299,00","29,90","Transitorio","En fresco","1053000","Daucus carota"
"25","Cundinamarca","25873","Villapinzón","Hortalizas","Hortalizas de raíz","Zanahoria","Zanahoria","2021","2021B","40,00","15,20","433,20","28,50","Transitorio","En fresco","1053000","Daucus carota"
"25","Cundinamarca","25873","Villapinzón","Hortalizas","Hortalizas de raíz","Zanahoria","Zanahoria","2022","2022A","9,00","9,00","261,00","29,00","Transitorio","En fresco","1053000","Daucus carota"
"25","Cundinamarca","25873","Villapinzón","Hortalizas","Hortalizas de raíz","Zanahoria","Zanahoria","2022","2022B","46,00","45,00","1.305,00","29,00","Transitorio","En fresco","1053000","Daucus carota"
"25","Cundinamarca","25873","Villapinzón","Hortalizas","Hortalizas de raíz","Zanahoria","Zanahoria","2023","2023A","10,00","10,00","350,00","35,00","Transitorio","En fresco","1053000","Daucus carota"
"25","Cundinamarca","25873","Villapinzón","Hortalizas","Hortalizas de raíz","Zanahoria","Zanahoria","2023","2023B","50,00","50,00","1.500,00","30,00","Transitorio","En fresco","1053000","Daucus carota"
"25","Cundinamarca","25873","Villapinzón","Hortalizas","Hortalizas de raíz","Zanahoria","Zanahoria","2024","2024A","7,00","7,00","245,00","35,00","Transitorio","En fresco","1053000","Daucus carota"
"25","Cundinamarca","25873","Villapinzón","Hortalizas","Hortalizas de raíz","Zanahoria","Zanahoria","2024","2024B","50,00","7,00","210,00","30,00","Transitorio","En fresco","1053000","Daucus carota"
